-- MySQL dump 10.13  Distrib 9.3.0, for macos15 (arm64)
--
-- Host: localhost    Database: simulador_logistico
-- ------------------------------------------------------
-- Server version	9.3.0

/*!40101 SET @OLD_CHARACTER_SET_CLIENT=@@CHARACTER_SET_CLIENT */;
/*!40101 SET @OLD_CHARACTER_SET_RESULTS=@@CHARACTER_SET_RESULTS */;
/*!40101 SET @OLD_COLLATION_CONNECTION=@@COLLATION_CONNECTION */;
/*!50503 SET NAMES utf8mb4 */;
/*!40103 SET @OLD_TIME_ZONE=@@TIME_ZONE */;
/*!40103 SET TIME_ZONE='+00:00' */;
/*!40014 SET @OLD_UNIQUE_CHECKS=@@UNIQUE_CHECKS, UNIQUE_CHECKS=0 */;
/*!40014 SET @OLD_FOREIGN_KEY_CHECKS=@@FOREIGN_KEY_CHECKS, FOREIGN_KEY_CHECKS=0 */;
/*!40101 SET @OLD_SQL_MODE=@@SQL_MODE, SQL_MODE='NO_AUTO_VALUE_ON_ZERO' */;
/*!40111 SET @OLD_SQL_NOTES=@@SQL_NOTES, SQL_NOTES=0 */;

--
-- Current Database: `simulador_logistico`
--

CREATE DATABASE /*!32312 IF NOT EXISTS*/ `simulador_logistico` /*!40100 DEFAULT CHARACTER SET utf8mb4 COLLATE utf8mb4_0900_ai_ci */ /*!80016 DEFAULT ENCRYPTION='N' */;

USE `simulador_logistico`;

--
-- Table structure for table `alembic_version`
--

DROP TABLE IF EXISTS `alembic_version`;
/*!40101 SET @saved_cs_client     = @@character_set_client */;
/*!50503 SET character_set_client = utf8mb4 */;
CREATE TABLE `alembic_version` (
  `version_num` varchar(32) NOT NULL,
  PRIMARY KEY (`version_num`)
) ENGINE=InnoDB DEFAULT CHARSET=utf8mb4 COLLATE=utf8mb4_0900_ai_ci;
/*!40101 SET character_set_client = @saved_cs_client */;

--
-- Dumping data for table `alembic_version`
--

LOCK TABLES `alembic_version` WRITE;
/*!40000 ALTER TABLE `alembic_version` DISABLE KEYS */;
INSERT INTO `alembic_version` VALUES ('003');
/*!40000 ALTER TABLE `alembic_version` ENABLE KEYS */;
UNLOCK TABLES;

--
-- Table structure for table `puntos_logisticos`
--

DROP TABLE IF EXISTS `puntos_logisticos`;
/*!40101 SET @saved_cs_client     = @@character_set_client */;
/*!50503 SET character_set_client = utf8mb4 */;
CREATE TABLE `puntos_logisticos` (
  `id` int NOT NULL AUTO_INCREMENT,
  `nombre` varchar(160) NOT NULL,
  `tipo` varchar(40) NOT NULL,
  `ciudad` varchar(100) NOT NULL,
  `estado` varchar(100) NOT NULL,
  `direccion` varchar(255) NOT NULL,
  `latitud` float DEFAULT NULL,
  `longitud` float DEFAULT NULL,
  `activo` tinyint(1) NOT NULL,
  `created_at` datetime NOT NULL,
  `updated_at` datetime NOT NULL,
  PRIMARY KEY (`id`),
  KEY `ix_puntos_logisticos_id` (`id`),
  KEY `ix_puntos_logisticos_nombre` (`nombre`),
  KEY `ix_puntos_logisticos_tipo` (`tipo`)
) ENGINE=InnoDB AUTO_INCREMENT=25 DEFAULT CHARSET=utf8mb4 COLLATE=utf8mb4_0900_ai_ci;
/*!40101 SET character_set_client = @saved_cs_client */;

--
-- Dumping data for table `puntos_logisticos`
--

LOCK TABLES `puntos_logisticos` WRITE;
/*!40000 ALTER TABLE `puntos_logisticos` DISABLE KEYS */;
INSERT INTO `puntos_logisticos` VALUES (1,'Central de Abasto CDMX','central_abasto','Ciudad de México','Ciudad de México','Iztapalapa, Ciudad de México',19.3733,-99.0889,1,'2026-05-19 01:07:36','2026-05-21 23:40:18'),(2,'Mercado de Abastos Guadalajara','central_abasto','Guadalajara','Jalisco','Zona del Mercado de Abastos, Guadalajara',20.6547,-103.38,1,'2026-05-19 01:07:36','2026-05-21 23:53:42'),(3,'Central de Abasto Monterrey','central_abasto','Monterrey','Nuevo León','Área metropolitana de Monterrey',25.7171,-100.237,1,'2026-05-19 01:07:36','2026-05-21 23:53:42'),(4,'Central de Abasto Puebla','central_abasto','Puebla','Puebla','Puebla, Puebla',19.0706,-98.1729,1,'2026-05-19 01:07:36','2026-05-21 23:40:18'),(5,'Central de Abasto Toluca','central_abasto','Toluca','Estado de México','Toluca, Estado de México',19.3048,-99.6367,1,'2026-05-19 01:07:36','2026-05-21 23:40:18'),(6,'Central de Abasto León','central_abasto','León','Guanajuato','León, Guanajuato',21.0987,-101.642,1,'2026-05-19 01:07:36','2026-05-21 23:53:42'),(7,'Puerto de Manzanillo','puerto','Manzanillo','Colima','Puerto de Manzanillo, Colima',19.0631,-104.308,1,'2026-05-19 01:07:36','2026-05-21 23:53:42'),(8,'Puerto de Veracruz','puerto','Veracruz','Veracruz','Puerto de Veracruz, Veracruz',19.2001,-96.1332,1,'2026-05-19 01:07:36','2026-05-21 23:40:18'),(9,'Puerto de Lázaro Cárdenas','puerto','Lázaro Cárdenas','Michoacán','Puerto de Lázaro Cárdenas, Michoacán',17.9583,-102.194,1,'2026-05-19 01:07:36','2026-05-21 23:53:42'),(10,'Puerto de Altamira','puerto','Altamira','Tamaulipas','Puerto de Altamira, Tamaulipas',22.4881,-97.8588,1,'2026-05-19 01:07:36','2026-05-21 23:40:18'),(11,'Puerto de Ensenada','puerto','Ensenada','Baja California','Puerto de Ensenada, Baja California',31.8563,-116.626,1,'2026-05-19 01:07:36','2026-05-21 23:53:42'),(12,'Puerto de Progreso','puerto','Progreso','Yucatán','Puerto de Progreso, Yucatán',21.2812,-89.6636,1,'2026-05-19 01:07:36','2026-05-21 23:40:18'),(13,'TAPO','central_autobuses','Ciudad de México','Ciudad de México','Terminal de Autobuses de Pasajeros de Oriente, Ciudad de México',19.4303,-99.1121,1,'2026-05-19 01:07:36','2026-05-21 23:40:18'),(14,'Central del Norte CDMX','central_autobuses','Ciudad de México','Ciudad de México','Terminal Central del Norte, Ciudad de México',19.479,-99.1405,1,'2026-05-19 01:07:36','2026-05-21 23:40:18'),(15,'Central de Autobuses Observatorio','central_autobuses','Ciudad de México','Ciudad de México','Observatorio, Ciudad de México',19.3985,-99.2008,1,'2026-05-19 01:07:36','2026-05-21 23:40:18'),(16,'Central de Autobuses del Sur Taxqueña','central_autobuses','Ciudad de México','Ciudad de México','Taxqueña, Ciudad de México',19.3396,-99.1233,1,'2026-05-19 01:07:36','2026-05-21 23:40:18'),(17,'Central de Autobuses Monterrey','central_autobuses','Monterrey','Nuevo León','Monterrey, Nuevo León',25.685,-100.319,1,'2026-05-19 01:07:36','2026-05-21 23:40:18'),(18,'CAPU Puebla','central_autobuses','Puebla','Puebla','Central de Autobuses de Puebla',19.0752,-98.2076,1,'2026-05-19 01:07:36','2026-05-21 23:40:18'),(19,'Aeropuerto Internacional de la Ciudad de México','aeropuerto','Ciudad de México','Ciudad de México','AICM, Ciudad de México',19.4361,-99.0719,1,'2026-05-19 01:07:36','2026-05-21 23:40:18'),(20,'Aeropuerto Internacional Felipe Ángeles','aeropuerto','Zumpango','Estado de México','AIFA, Zumpango, Estado de México',19.7374,-99.025,1,'2026-05-19 01:07:36','2026-05-21 23:40:18'),(21,'Aeropuerto Internacional de Cancún','aeropuerto','Cancún','Quintana Roo','Cancún, Quintana Roo',21.0413,-86.8746,1,'2026-05-19 01:07:36','2026-05-21 23:40:18'),(22,'Aeropuerto Internacional de Guadalajara','aeropuerto','Guadalajara','Jalisco','Tlajomulco de Zúñiga, Jalisco',20.5218,-103.311,1,'2026-05-19 01:07:36','2026-05-21 23:53:42'),(23,'Aeropuerto Internacional de Monterrey','aeropuerto','Monterrey','Nuevo León','Apodaca, Nuevo León',25.7785,-100.107,1,'2026-05-19 01:07:36','2026-05-21 23:53:42'),(24,'Aeropuerto Internacional de Tijuana','aeropuerto','Tijuana','Baja California','Tijuana, Baja California',32.5411,-116.97,1,'2026-05-19 01:07:36','2026-05-21 23:53:42');
/*!40000 ALTER TABLE `puntos_logisticos` ENABLE KEYS */;
UNLOCK TABLES;

--
-- Table structure for table `resultados_simulacion`
--

DROP TABLE IF EXISTS `resultados_simulacion`;
/*!40101 SET @saved_cs_client     = @@character_set_client */;
/*!50503 SET character_set_client = utf8mb4 */;
CREATE TABLE `resultados_simulacion` (
  `id` int NOT NULL AUTO_INCREMENT,
  `simulacion_id` int NOT NULL,
  `ruta_id` int NOT NULL,
  `transporte_id` int NOT NULL,
  `costo_total` float NOT NULL,
  `tiempo_estimado_horas` float NOT NULL,
  `puntaje_riesgo` float NOT NULL,
  `consumo_total` float NOT NULL,
  `puntaje_total` float NOT NULL,
  `recomendado` tinyint(1) NOT NULL,
  `created_at` datetime NOT NULL,
  `costo_combustible` float DEFAULT NULL,
  `casetas_ajustadas` float DEFAULT NULL,
  PRIMARY KEY (`id`),
  KEY `ruta_id` (`ruta_id`),
  KEY `simulacion_id` (`simulacion_id`),
  KEY `transporte_id` (`transporte_id`),
  KEY `ix_resultados_simulacion_id` (`id`),
  CONSTRAINT `resultados_simulacion_ibfk_1` FOREIGN KEY (`ruta_id`) REFERENCES `rutas` (`id`),
  CONSTRAINT `resultados_simulacion_ibfk_2` FOREIGN KEY (`simulacion_id`) REFERENCES `simulaciones` (`id`),
  CONSTRAINT `resultados_simulacion_ibfk_3` FOREIGN KEY (`transporte_id`) REFERENCES `transportes` (`id`)
) ENGINE=InnoDB AUTO_INCREMENT=276 DEFAULT CHARSET=utf8mb4 COLLATE=utf8mb4_0900_ai_ci;
/*!40101 SET character_set_client = @saved_cs_client */;

--
-- Dumping data for table `resultados_simulacion`
--

LOCK TABLES `resultados_simulacion` WRITE;
/*!40000 ALTER TABLE `resultados_simulacion` DISABLE KEYS */;
INSERT INTO `resultados_simulacion` VALUES (206,10,252,1,3845.4,2.18,2.62,25.14,0.3467,0,'2026-05-22 20:59:43',NULL,280),(207,10,252,2,6679.5,2.51,2.62,43.99,0.3648,0,'2026-05-22 20:59:43',NULL,280),(208,10,252,3,12224.4,2.72,2.12,8.97,0.2522,0,'2026-05-22 20:59:43',224.37,0),(209,10,252,4,18184.5,0.27,1.62,188.55,0.0221,1,'2026-05-22 20:59:43',NULL,0),(210,10,252,5,6257,4.67,2.12,10.06,0.3402,0,'2026-05-22 20:59:43',NULL,0),(211,10,252,6,1231.17,2.04,2.62,13.97,0.3379,0,'2026-05-22 20:59:43',335.17,196),(212,10,252,7,1723.06,2.18,2.12,17.96,0.22,0,'2026-05-22 20:59:43',449.06,224),(213,10,252,8,2608.5,2.33,2.62,25.14,0.3529,0,'2026-05-22 20:59:43',628.5,280),(214,10,252,9,3106.26,2.4,2.12,27.93,0.2317,0,'2026-05-22 20:59:43',698.26,308),(215,10,252,10,3891.11,2.51,2.62,33.08,0.3626,0,'2026-05-22 20:59:43',827.11,364),(216,10,252,11,4566.21,2.64,2.12,36.97,0.2443,0,'2026-05-22 20:59:43',924.21,392),(217,10,252,12,5970.19,2.64,2.62,44.89,0.3705,0,'2026-05-22 20:59:43',1122.19,448),(218,10,252,13,7033,2.72,2.12,50.28,0.2502,0,'2026-05-22 20:59:43',1257,476),(219,10,252,14,9331.25,2.97,2.62,62.85,0.389,0,'2026-05-22 20:59:43',1571.25,560),(220,10,252,15,10934,3.14,2.12,69.84,0.2734,0,'2026-05-22 20:59:43',1745.97,588),(221,10,252,16,16932.9,0.47,1.62,104.75,0.0277,0,'2026-05-22 20:59:43',2932.88,0),(222,10,252,17,27910.6,0.36,1.62,139.67,0.0312,0,'2026-05-22 20:59:43',3910.63,0),(223,10,252,18,34692.7,0.33,1.62,167.6,0.0353,0,'2026-05-22 20:59:43',4692.68,0),(224,10,252,19,66821.3,0.21,1.62,279.33,0.0554,0,'2026-05-22 20:59:43',7821.26,0),(225,10,252,20,86055.9,0.2,1.62,359.14,0.0707,0,'2026-05-22 20:59:43',10055.8,0),(226,10,252,21,110570,0.19,1.62,448.92,0.09,0,'2026-05-22 20:59:43',12569.9,0),(227,10,252,22,131665,0.19,1.62,523.75,0.1069,0,'2026-05-22 20:59:43',14665.1,0),(228,10,252,23,176553,0.18,1.62,698.34,0.143,0,'2026-05-22 20:59:43',19553.5,0),(229,10,252,24,223464,0.18,1.62,838,0.1796,0,'2026-05-22 20:59:43',23464.1,0),(230,10,252,25,335196,0.22,2.12,1257,0.3969,0,'2026-05-22 20:59:43',35196,0),(231,10,252,26,11428.1,4.67,2.62,157.12,0.474,0,'2026-05-22 20:59:43',3928.12,0),(232,10,252,27,20285,6.54,2.62,251.4,0.5716,0,'2026-05-22 20:59:43',6285,0),(233,10,252,28,112570,4.67,2.12,698.34,0.4366,0,'2026-05-22 20:59:43',12570.1,0),(234,10,252,29,168855,4.3,2.12,1047.5,0.4697,0,'2026-05-22 20:59:43',18854.9,0),(235,10,252,30,275140,4.09,2.12,1396.67,0.544,0,'2026-05-22 20:59:43',25140,0),(236,10,252,31,447710,3.89,2.12,2095,0.676,0,'2026-05-22 20:59:43',37710.1,0),(237,10,252,32,402323,4.3,2.12,1795.71,0.654,0,'2026-05-22 20:59:43',32322.8,0),(238,10,252,33,415252,4.67,2.62,2514,0.8309,0,'2026-05-22 20:59:43',45252,0),(239,10,252,34,364809,4.09,2.12,1933.84,0.6237,0,'2026-05-22 20:59:43',34809.2,0),(240,10,252,35,520280,5.11,2.62,2793.33,0.9325,0,'2026-05-22 20:59:43',50279.9,0),(241,11,278,1,54636.4,37.03,3,427.24,0.3564,0,'2026-05-22 21:00:37',NULL,6840),(242,11,278,2,83607,42.72,3,747.67,0.3807,0,'2026-05-22 21:00:37',NULL,6840),(243,11,278,3,15813.1,46.28,2.5,152.52,0.2462,0,'2026-05-22 21:00:37',3813.12,0),(244,11,278,4,189077,4.63,2,3204.3,0.0581,0,'2026-05-22 21:00:37',NULL,0),(245,11,278,5,26362,79.34,2.5,170.9,0.3409,0,'2026-05-22 21:00:37',NULL,0),(246,11,278,6,11184,34.71,3,237.33,0.338,0,'2026-05-22 21:00:37',5695.96,4788),(247,11,278,7,14153.6,37.03,2.5,305.26,0.2204,0,'2026-05-22 21:00:37',7631.57,5472),(248,11,278,8,19221,39.67,3,427.24,0.3543,0,'2026-05-22 21:00:37',10681,6840),(249,11,278,9,21490.6,40.84,2.5,474.66,0.2333,0,'2026-05-22 21:00:37',11866.6,7524),(250,11,278,10,25648.2,42.72,3,562.25,0.3648,0,'2026-05-22 21:00:37',14056.2,8892),(251,11,278,11,28532.4,44.79,2.5,628.26,0.2465,0,'2026-05-22 21:00:37',15706.4,9576),(252,11,278,12,34414.9,44.79,3,762.84,0.3733,0,'2026-05-22 21:00:37',19070.9,10944),(253,11,278,13,38290,46.28,2.5,854.48,0.2537,0,'2026-05-22 21:00:37',21362,11628),(254,11,278,14,47582.5,50.49,3,1068.1,0.3933,0,'2026-05-22 21:00:37',26702.5,13680),(255,11,278,15,52635.8,53.41,2.5,1186.87,0.278,0,'2026-05-22 21:00:37',29671.8,14364),(256,11,278,16,63842.7,7.93,2,1780.1,0.0309,1,'2026-05-22 21:00:37',49842.7,0),(257,11,278,17,90458.9,6.17,2,2373.53,0.0344,0,'2026-05-22 21:00:37',66458.9,0),(258,11,278,18,109749,5.55,2,2848.2,0.0388,0,'2026-05-22 21:00:37',79749.5,0),(259,11,278,19,191918,3.56,2,4747.06,0.0592,0,'2026-05-22 21:00:37',132918,0),(260,11,278,20,246893,3.39,2,6103.34,0.0762,0,'2026-05-22 21:00:37',170893,0),(261,11,278,21,311618,3.27,2,7629.22,0.0964,0,'2026-05-22 21:00:37',213618,0),(262,11,278,22,366225,3.23,2,8900.9,0.1135,0,'2026-05-22 21:00:37',249225,0),(263,11,278,23,489300,3.12,2,11867.9,0.1523,0,'2026-05-22 21:00:37',332300,0),(264,11,278,24,598759,3.09,2,14241.4,0.1864,0,'2026-05-22 21:00:37',398759,0),(265,11,278,25,898136,3.65,2.5,21362,0.4078,0,'2026-05-22 21:00:37',598136,0),(266,11,278,26,74256.2,79.34,3,2670.25,0.484,0,'2026-05-22 21:00:37',66756.2,0),(267,11,278,27,120810,111.08,3,4272.4,0.5879,0,'2026-05-22 21:00:37',106810,0),(268,11,278,28,313622,79.34,2.5,11867.9,0.4422,0,'2026-05-22 21:00:37',213622,0),(269,11,278,29,470429,73.08,2.5,17801.6,0.4791,0,'2026-05-22 21:00:37',320429,0),(270,11,278,30,677240,69.43,2.5,23735.5,0.5366,0,'2026-05-22 21:00:37',427240,0),(271,11,278,31,1050860,66.12,2.5,35603.4,0.6521,0,'2026-05-22 21:00:37',640861,0),(272,11,278,32,919308,73.08,2.5,30517.1,0.6256,0,'2026-05-22 21:00:37',549308,0),(273,11,278,33,1139030,79.34,3,42724,0.8524,0,'2026-05-22 21:00:37',769032,0),(274,11,278,34,921562,69.43,2.5,32864.6,0.621,0,'2026-05-22 21:00:37',591562,0),(275,11,278,35,1324480,86.78,3,47471.1,0.9325,0,'2026-05-22 21:00:37',854479,0);
/*!40000 ALTER TABLE `resultados_simulacion` ENABLE KEYS */;
UNLOCK TABLES;

--
-- Table structure for table `rutas`
--

DROP TABLE IF EXISTS `rutas`;
/*!40101 SET @saved_cs_client     = @@character_set_client */;
/*!50503 SET character_set_client = utf8mb4 */;
CREATE TABLE `rutas` (
  `id` int NOT NULL AUTO_INCREMENT,
  `nombre` varchar(120) NOT NULL,
  `origen` varchar(100) NOT NULL,
  `destino` varchar(100) NOT NULL,
  `distancia_km` float NOT NULL,
  `casetas` float NOT NULL,
  `trafico` int NOT NULL,
  `riesgo` int NOT NULL,
  `estado_carretera` int NOT NULL,
  `inseguridad` int NOT NULL,
  `activa` tinyint(1) NOT NULL,
  `created_at` datetime NOT NULL,
  `updated_at` datetime NOT NULL,
  `origen_id` int DEFAULT NULL,
  `destino_id` int DEFAULT NULL,
  PRIMARY KEY (`id`),
  KEY `ix_rutas_id` (`id`),
  KEY `ix_rutas_origen` (`origen`),
  KEY `ix_rutas_destino` (`destino`),
  KEY `fk_rutas_origen_punto_logistico` (`origen_id`),
  KEY `fk_rutas_destino_punto_logistico` (`destino_id`),
  CONSTRAINT `fk_rutas_destino_punto_logistico` FOREIGN KEY (`destino_id`) REFERENCES `puntos_logisticos` (`id`),
  CONSTRAINT `fk_rutas_origen_punto_logistico` FOREIGN KEY (`origen_id`) REFERENCES `puntos_logisticos` (`id`)
) ENGINE=InnoDB AUTO_INCREMENT=283 DEFAULT CHARSET=utf8mb4 COLLATE=utf8mb4_0900_ai_ci;
/*!40101 SET character_set_client = @saved_cs_client */;

--
-- Dumping data for table `rutas`
--

LOCK TABLES `rutas` WRITE;
/*!40000 ALTER TABLE `rutas` DISABLE KEYS */;
INSERT INTO `rutas` VALUES (1,'Ruta Puebla - CDMX Directa','Puebla','CDMX',140,350,4,3,2,3,1,'2026-05-12 00:00:03','2026-05-12 00:00:03',NULL,NULL),(2,'Ruta Puebla - CDMX Alterna','Puebla','CDMX',165,420,2,2,2,2,1,'2026-05-12 00:00:03','2026-05-12 00:00:03',NULL,NULL),(3,'Ruta CDMX - Queretaro','CDMX','Queretaro',220,500,3,2,2,2,1,'2026-05-12 00:00:03','2026-05-12 00:00:03',NULL,NULL),(4,'Ruta CDMX - Guadalajara','CDMX','Guadalajara',550,1200,3,3,2,3,1,'2026-05-12 00:00:03','2026-05-12 00:00:03',NULL,NULL),(5,'Ruta Veracruz - Puebla','Veracruz','Puebla',280,700,2,3,3,3,1,'2026-05-12 00:00:03','2026-05-12 00:00:03',NULL,NULL),(6,'Cerca','Mexico','Tlaola',1000,220,3,3,3,3,1,'2026-05-16 23:58:26','2026-05-16 23:58:26',NULL,NULL),(7,'Central de Abasto CDMX - Central de Abasto Puebla','Central de Abasto CDMX','Central de Abasto Puebla',135,360,4,3,2,3,1,'2026-05-19 01:07:36','2026-05-19 01:07:36',1,4),(8,'Central de Abasto CDMX - Mercado de Abastos Guadalajara','Central de Abasto CDMX','Mercado de Abastos Guadalajara',545,1250,3,3,2,3,1,'2026-05-19 01:07:36','2026-05-19 01:07:36',1,2),(9,'Central de Abasto Monterrey - Central de Abasto León','Central de Abasto Monterrey','Central de Abasto León',690,1450,3,3,2,3,1,'2026-05-19 01:07:36','2026-05-19 01:07:36',3,6),(10,'Central de Abasto Puebla - Puerto de Veracruz','Central de Abasto Puebla','Puerto de Veracruz',280,700,2,3,3,3,1,'2026-05-19 01:07:36','2026-05-19 01:07:36',4,8),(11,'CAPU Puebla - TAPO','CAPU Puebla','TAPO',135,340,4,3,2,3,1,'2026-05-19 01:07:36','2026-05-19 01:07:36',18,13),(12,'Central del Norte CDMX - Central de Autobuses Monterrey','Central del Norte CDMX','Central de Autobuses Monterrey',910,1850,3,3,2,3,1,'2026-05-19 01:07:36','2026-05-19 01:07:36',14,17),(13,'Puerto de Veracruz - Puerto de Altamira','Puerto de Veracruz','Puerto de Altamira',470,950,2,3,2,3,1,'2026-05-19 01:07:36','2026-05-19 01:07:36',8,10),(14,'Puerto de Manzanillo - Puerto de Lázaro Cárdenas','Puerto de Manzanillo','Puerto de Lázaro Cárdenas',335,700,2,3,2,3,1,'2026-05-19 01:07:36','2026-05-19 01:07:36',7,9),(15,'Puerto de Ensenada - Puerto de Manzanillo','Puerto de Ensenada','Puerto de Manzanillo',2200,4200,3,3,3,3,1,'2026-05-19 01:07:36','2026-05-19 01:07:36',11,7),(16,'Puerto de Progreso - Puerto de Veracruz','Puerto de Progreso','Puerto de Veracruz',1000,1800,2,3,3,3,1,'2026-05-19 01:07:36','2026-05-19 01:07:36',12,8),(17,'Aeropuerto Internacional de la Ciudad de México - Aeropuerto Internacional de Cancún','Aeropuerto Internacional de la Ciudad de México','Aeropuerto Internacional de Cancún',1620,5180,1,2,1,2,1,'2026-05-19 01:07:36','2026-05-21 23:40:18',19,21),(18,'Aeropuerto Internacional de la Ciudad de México - Aeropuerto Internacional de Guadalajara','Aeropuerto Internacional de la Ciudad de México','Aeropuerto Internacional de Guadalajara',460,1290,1,2,1,2,1,'2026-05-19 01:07:36','2026-05-21 23:40:18',19,22),(19,'Aeropuerto Internacional Felipe Ángeles - Aeropuerto Internacional de Monterrey','Aeropuerto Internacional Felipe Ángeles','Aeropuerto Internacional de Monterrey',720,2300,1,2,1,2,1,'2026-05-19 01:07:36','2026-05-21 23:40:18',20,23),(20,'Aeropuerto Internacional de Guadalajara - Aeropuerto Internacional de Tijuana','Aeropuerto Internacional de Guadalajara','Aeropuerto Internacional de Tijuana',1900,6080,1,2,1,2,1,'2026-05-19 01:07:36','2026-05-21 23:40:18',22,24),(21,'Central de Abasto CDMX - Puerto de Veracruz','Central de Abasto CDMX','Puerto de Veracruz',400,900,3,3,2,3,1,'2026-05-19 01:07:36','2026-05-19 01:07:36',1,8),(22,'Mercado de Abastos Guadalajara - Puerto de Manzanillo','Mercado de Abastos Guadalajara','Puerto de Manzanillo',300,650,3,3,2,3,1,'2026-05-19 01:07:36','2026-05-19 01:07:36',2,7),(23,'Central de Abasto Monterrey - Puerto de Altamira','Central de Abasto Monterrey','Puerto de Altamira',520,1100,2,3,2,3,1,'2026-05-19 01:07:36','2026-05-19 01:07:36',3,10),(24,'Central de Abasto CDMX - Aeropuerto Internacional de la Ciudad de México','Central de Abasto CDMX','Aeropuerto Internacional de la Ciudad de México',12,80,5,3,3,3,1,'2026-05-19 01:07:36','2026-05-21 23:40:18',1,19),(25,'Central de Abasto Puebla - Aeropuerto Internacional Felipe Ángeles','Central de Abasto Puebla','Aeropuerto Internacional Felipe Ángeles',150,420,3,3,2,3,1,'2026-05-19 01:07:36','2026-05-19 01:07:36',4,20),(26,'Ruta simulada Central de Abasto CDMX - Central de Abasto Monterrey','Central de Abasto CDMX','Central de Abasto Monterrey',894,2860,3,3,3,3,1,'2026-05-21 23:40:18','2026-05-21 23:40:18',1,3),(27,'Ruta simulada Central de Abasto CDMX - Central de Abasto Toluca','Central de Abasto CDMX','Central de Abasto Toluca',72.5,80,4,2,2,2,1,'2026-05-21 23:40:18','2026-05-21 23:40:18',1,5),(28,'Ruta simulada Central de Abasto CDMX - Central de Abasto León','Central de Abasto CDMX','Central de Abasto León',410.3,1150,3,3,2,3,1,'2026-05-21 23:40:18','2026-05-21 23:40:18',1,6),(29,'Ruta simulada Central de Abasto CDMX - Puerto de Manzanillo','Central de Abasto CDMX','Puerto de Manzanillo',686.4,2200,3,3,3,3,1,'2026-05-21 23:40:18','2026-05-21 23:40:18',1,7),(30,'Ruta simulada Central de Abasto CDMX - Puerto de Lázaro Cárdenas','Central de Abasto CDMX','Puerto de Lázaro Cárdenas',453.7,1270,3,3,2,3,1,'2026-05-21 23:40:18','2026-05-21 23:40:18',1,9),(31,'Ruta simulada Central de Abasto CDMX - Puerto de Altamira','Central de Abasto CDMX','Puerto de Altamira',461.4,1290,3,3,2,3,1,'2026-05-21 23:40:18','2026-05-21 23:40:18',1,10),(32,'Ruta simulada Central de Abasto CDMX - Puerto de Ensenada','Central de Abasto CDMX','Puerto de Ensenada',2793.2,8940,3,3,3,3,1,'2026-05-21 23:40:18','2026-05-21 23:40:18',1,11),(33,'Ruta simulada Central de Abasto CDMX - Puerto de Progreso','Central de Abasto CDMX','Puerto de Progreso',1256.5,4020,3,3,3,3,1,'2026-05-21 23:40:18','2026-05-21 23:40:18',1,12),(34,'Ruta simulada Central de Abasto CDMX - TAPO','Central de Abasto CDMX','TAPO',8.5,80,4,2,2,2,1,'2026-05-21 23:40:18','2026-05-21 23:40:18',1,13),(35,'Ruta simulada Central de Abasto CDMX - Central del Norte CDMX','Central de Abasto CDMX','Central del Norte CDMX',16.2,80,4,2,2,2,1,'2026-05-21 23:40:18','2026-05-21 23:40:18',1,14),(36,'Ruta simulada Central de Abasto CDMX - Central de Autobuses Observatorio','Central de Abasto CDMX','Central de Autobuses Observatorio',15.1,80,4,2,2,2,1,'2026-05-21 23:40:18','2026-05-21 23:40:18',1,15),(37,'Ruta simulada Central de Abasto CDMX - Central de Autobuses del Sur Taxqueña','Central de Abasto CDMX','Central de Autobuses del Sur Taxqueña',6.5,80,4,2,2,2,1,'2026-05-21 23:40:18','2026-05-21 23:40:18',1,16),(38,'Ruta simulada Central de Abasto CDMX - Central de Autobuses Monterrey','Central de Abasto CDMX','Central de Autobuses Monterrey',891.4,2850,3,3,3,3,1,'2026-05-21 23:40:18','2026-05-21 23:40:18',1,17),(39,'Ruta simulada Central de Abasto CDMX - CAPU Puebla','Central de Abasto CDMX','CAPU Puebla',122.9,270,3,2,2,2,1,'2026-05-21 23:40:18','2026-05-21 23:40:18',1,18),(40,'Ruta simulada Central de Abasto CDMX - Aeropuerto Internacional Felipe Ángeles','Central de Abasto CDMX','Aeropuerto Internacional Felipe Ángeles',51.3,80,4,2,2,2,1,'2026-05-21 23:40:18','2026-05-21 23:40:18',1,20),(41,'Ruta simulada Central de Abasto CDMX - Aeropuerto Internacional de Cancún','Central de Abasto CDMX','Aeropuerto Internacional de Cancún',1609.6,5150,3,3,3,3,1,'2026-05-21 23:40:18','2026-05-21 23:40:18',1,21),(42,'Ruta simulada Central de Abasto CDMX - Aeropuerto Internacional de Guadalajara','Central de Abasto CDMX','Aeropuerto Internacional de Guadalajara',574.3,1840,3,3,3,3,1,'2026-05-21 23:40:18','2026-05-21 23:40:18',1,22),(43,'Ruta simulada Central de Abasto CDMX - Aeropuerto Internacional de Monterrey','Central de Abasto CDMX','Aeropuerto Internacional de Monterrey',899.8,2880,3,3,3,3,1,'2026-05-21 23:40:18','2026-05-21 23:40:18',1,23),(44,'Ruta simulada Central de Abasto CDMX - Aeropuerto Internacional de Tijuana','Central de Abasto CDMX','Aeropuerto Internacional de Tijuana',2880.6,9220,3,3,3,3,1,'2026-05-21 23:40:18','2026-05-21 23:40:18',1,24),(45,'Ruta simulada Mercado de Abastos Guadalajara - Central de Abasto Monterrey','Mercado de Abastos Guadalajara','Central de Abasto Monterrey',810.1,2590,3,3,3,3,1,'2026-05-21 23:40:18','2026-05-21 23:40:18',2,3),(46,'Ruta simulada Mercado de Abastos Guadalajara - Central de Abasto Puebla','Mercado de Abastos Guadalajara','Central de Abasto Puebla',715.4,2290,3,3,3,3,1,'2026-05-21 23:40:18','2026-05-21 23:40:18',2,4),(47,'Ruta simulada Mercado de Abastos Guadalajara - Central de Abasto Toluca','Mercado de Abastos Guadalajara','Central de Abasto Toluca',523.7,1680,3,3,3,3,1,'2026-05-21 23:40:18','2026-05-21 23:40:18',2,5),(48,'Ruta simulada Mercado de Abastos Guadalajara - Central de Abasto León','Mercado de Abastos Guadalajara','Central de Abasto León',234,660,3,2,2,3,1,'2026-05-21 23:40:18','2026-05-21 23:40:18',2,6),(49,'Ruta simulada Mercado de Abastos Guadalajara - Puerto de Veracruz','Mercado de Abastos Guadalajara','Puerto de Veracruz',968.2,3100,3,3,3,3,1,'2026-05-21 23:40:18','2026-05-21 23:40:18',2,8),(50,'Ruta simulada Mercado de Abastos Guadalajara - Puerto de Lázaro Cárdenas','Mercado de Abastos Guadalajara','Puerto de Lázaro Cárdenas',405.8,1140,3,3,2,3,1,'2026-05-21 23:40:18','2026-05-21 23:40:18',2,9),(51,'Ruta simulada Mercado de Abastos Guadalajara - Puerto de Altamira','Mercado de Abastos Guadalajara','Puerto de Altamira',757.7,2420,3,3,3,3,1,'2026-05-21 23:40:18','2026-05-21 23:40:18',2,10),(52,'Ruta simulada Mercado de Abastos Guadalajara - Puerto de Ensenada','Mercado de Abastos Guadalajara','Puerto de Ensenada',2265.6,7250,3,3,3,3,1,'2026-05-21 23:40:18','2026-05-21 23:40:18',2,11),(53,'Ruta simulada Mercado de Abastos Guadalajara - Puerto de Progreso','Mercado de Abastos Guadalajara','Puerto de Progreso',1781.8,5700,3,3,3,3,1,'2026-05-21 23:40:18','2026-05-21 23:40:18',2,12),(54,'Ruta simulada Mercado de Abastos Guadalajara - TAPO','Mercado de Abastos Guadalajara','TAPO',582.7,1860,3,3,3,3,1,'2026-05-21 23:40:18','2026-05-21 23:40:18',2,13),(55,'Ruta simulada Mercado de Abastos Guadalajara - Central del Norte CDMX','Mercado de Abastos Guadalajara','Central del Norte CDMX',577.1,1850,3,3,3,3,1,'2026-05-21 23:40:18','2026-05-21 23:40:18',2,14),(56,'Ruta simulada Mercado de Abastos Guadalajara - Central de Autobuses Observatorio','Mercado de Abastos Guadalajara','Central de Autobuses Observatorio',573,1830,3,3,3,3,1,'2026-05-21 23:40:18','2026-05-21 23:40:18',2,15),(57,'Ruta simulada Mercado de Abastos Guadalajara - Central de Autobuses del Sur Taxqueña','Mercado de Abastos Guadalajara','Central de Autobuses del Sur Taxqueña',585.3,1870,3,3,3,3,1,'2026-05-21 23:40:18','2026-05-21 23:40:18',2,16),(58,'Ruta simulada Mercado de Abastos Guadalajara - Central de Autobuses Monterrey','Mercado de Abastos Guadalajara','Central de Autobuses Monterrey',801.1,2560,3,3,3,3,1,'2026-05-21 23:40:18','2026-05-21 23:40:18',2,17),(59,'Ruta simulada Mercado de Abastos Guadalajara - CAPU Puebla','Mercado de Abastos Guadalajara','CAPU Puebla',710.9,2270,3,3,3,3,1,'2026-05-21 23:40:18','2026-05-21 23:40:18',2,18),(60,'Ruta simulada Mercado de Abastos Guadalajara - Aeropuerto Internacional de la Ciudad de México','Mercado de Abastos Guadalajara','Aeropuerto Internacional de la Ciudad de México',587.5,1880,3,3,3,3,1,'2026-05-21 23:40:18','2026-05-21 23:40:18',2,19),(61,'Ruta simulada Mercado de Abastos Guadalajara - Aeropuerto Internacional Felipe Ángeles','Mercado de Abastos Guadalajara','Aeropuerto Internacional Felipe Ángeles',582.2,1860,3,3,3,3,1,'2026-05-21 23:40:18','2026-05-21 23:40:18',2,20),(62,'Ruta simulada Mercado de Abastos Guadalajara - Aeropuerto Internacional de Cancún','Mercado de Abastos Guadalajara','Aeropuerto Internacional de Cancún',2143.7,6860,3,3,3,3,1,'2026-05-21 23:40:18','2026-05-21 23:40:18',2,21),(63,'Ruta simulada Mercado de Abastos Guadalajara - Aeropuerto Internacional de Guadalajara','Mercado de Abastos Guadalajara','Aeropuerto Internacional de Guadalajara',20.5,80,4,2,2,2,1,'2026-05-21 23:40:18','2026-05-21 23:40:18',2,22),(64,'Ruta simulada Mercado de Abastos Guadalajara - Aeropuerto Internacional de Monterrey','Mercado de Abastos Guadalajara','Aeropuerto Internacional de Monterrey',825.7,2640,3,3,3,3,1,'2026-05-21 23:40:18','2026-05-21 23:40:18',2,23),(65,'Ruta simulada Mercado de Abastos Guadalajara - Aeropuerto Internacional de Tijuana','Mercado de Abastos Guadalajara','Aeropuerto Internacional de Tijuana',2358.3,7550,3,3,3,3,1,'2026-05-21 23:40:18','2026-05-21 23:40:18',2,24),(66,'Ruta simulada Central de Abasto Monterrey - Central de Abasto Puebla','Central de Abasto Monterrey','Central de Abasto Puebla',961.1,3080,3,3,3,3,1,'2026-05-21 23:40:18','2026-05-21 23:40:18',3,4),(67,'Ruta simulada Central de Abasto Monterrey - Central de Abasto Toluca','Central de Abasto Monterrey','Central de Abasto Toluca',894.6,2860,3,3,3,3,1,'2026-05-21 23:40:18','2026-05-21 23:40:18',3,5),(68,'Ruta simulada Central de Abasto Monterrey - Puerto de Manzanillo','Central de Abasto Monterrey','Puerto de Manzanillo',1062.4,3400,3,3,3,3,1,'2026-05-21 23:40:18','2026-05-21 23:40:18',3,7),(69,'Ruta simulada Central de Abasto Monterrey - Puerto de Veracruz','Central de Abasto Monterrey','Puerto de Veracruz',1047.8,3350,3,3,3,3,1,'2026-05-21 23:40:18','2026-05-21 23:40:18',3,8),(70,'Ruta simulada Central de Abasto Monterrey - Puerto de Lázaro Cárdenas','Central de Abasto Monterrey','Puerto de Lázaro Cárdenas',1107.5,3540,3,3,3,3,1,'2026-05-21 23:40:18','2026-05-21 23:40:18',3,9),(71,'Ruta simulada Central de Abasto Monterrey - Puerto de Ensenada','Central de Abasto Monterrey','Puerto de Ensenada',2168,6940,3,3,3,3,1,'2026-05-21 23:40:18','2026-05-21 23:40:18',3,11),(72,'Ruta simulada Central de Abasto Monterrey - Puerto de Progreso','Central de Abasto Monterrey','Puerto de Progreso',1481.3,4740,3,3,3,3,1,'2026-05-21 23:40:18','2026-05-21 23:40:18',3,12),(73,'Ruta simulada Central de Abasto Monterrey - TAPO','Central de Abasto Monterrey','TAPO',885.6,2830,3,3,3,3,1,'2026-05-21 23:40:18','2026-05-21 23:40:18',3,13),(74,'Ruta simulada Central de Abasto Monterrey - Central del Norte CDMX','Central de Abasto Monterrey','Central del Norte CDMX',878.4,2810,3,3,3,3,1,'2026-05-21 23:40:18','2026-05-21 23:40:18',3,14),(75,'Ruta simulada Central de Abasto Monterrey - Central de Autobuses Observatorio','Central de Abasto Monterrey','Central de Autobuses Observatorio',888.2,2840,3,3,3,3,1,'2026-05-21 23:40:18','2026-05-21 23:40:18',3,15),(76,'Ruta simulada Central de Abasto Monterrey - Central de Autobuses del Sur Taxqueña','Central de Abasto Monterrey','Central de Autobuses del Sur Taxqueña',897.9,2870,3,3,3,3,1,'2026-05-21 23:40:18','2026-05-21 23:40:18',3,16),(77,'Ruta simulada Central de Abasto Monterrey - Central de Autobuses Monterrey','Central de Abasto Monterrey','Central de Autobuses Monterrey',11.2,80,4,2,2,2,1,'2026-05-21 23:40:18','2026-05-21 23:40:18',3,17),(78,'Ruta simulada Central de Abasto Monterrey - CAPU Puebla','Central de Abasto Monterrey','CAPU Puebla',959.2,3070,3,3,3,3,1,'2026-05-21 23:40:18','2026-05-21 23:40:18',3,18),(79,'Ruta simulada Central de Abasto Monterrey - Aeropuerto Internacional de la Ciudad de México','Central de Abasto Monterrey','Aeropuerto Internacional de la Ciudad de México',885.7,2830,3,3,3,3,1,'2026-05-21 23:40:18','2026-05-21 23:40:18',3,19),(80,'Ruta simulada Central de Abasto Monterrey - Aeropuerto Internacional Felipe Ángeles','Central de Abasto Monterrey','Aeropuerto Internacional Felipe Ángeles',845.5,2710,3,3,3,3,1,'2026-05-21 23:40:18','2026-05-21 23:40:18',3,20),(81,'Ruta simulada Central de Abasto Monterrey - Aeropuerto Internacional de Cancún','Central de Abasto Monterrey','Aeropuerto Internacional de Cancún',1823.2,5830,3,3,3,3,1,'2026-05-21 23:40:18','2026-05-21 23:40:18',3,21),(82,'Ruta simulada Central de Abasto Monterrey - Aeropuerto Internacional de Guadalajara','Central de Abasto Monterrey','Aeropuerto Internacional de Guadalajara',822,2630,3,3,3,3,1,'2026-05-21 23:40:18','2026-05-21 23:40:18',3,22),(83,'Ruta simulada Central de Abasto Monterrey - Aeropuerto Internacional de Monterrey','Central de Abasto Monterrey','Aeropuerto Internacional de Monterrey',18.3,80,4,2,2,2,1,'2026-05-21 23:40:18','2026-05-21 23:40:18',3,23),(84,'Ruta simulada Central de Abasto Monterrey - Aeropuerto Internacional de Tijuana','Central de Abasto Monterrey','Aeropuerto Internacional de Tijuana',2238.5,7160,3,3,3,3,1,'2026-05-21 23:40:18','2026-05-21 23:40:18',3,24),(85,'Ruta simulada Central de Abasto Puebla - Central de Abasto Toluca','Central de Abasto Puebla','Central de Abasto Toluca',194.9,430,3,2,2,2,1,'2026-05-21 23:40:18','2026-05-21 23:40:18',4,5),(86,'Ruta simulada Central de Abasto Puebla - Central de Abasto León','Central de Abasto Puebla','Central de Abasto León',533.4,1710,3,3,3,3,1,'2026-05-21 23:40:18','2026-05-21 23:40:18',4,6),(87,'Ruta simulada Central de Abasto Puebla - Puerto de Manzanillo','Central de Abasto Puebla','Puerto de Manzanillo',806,2580,3,3,3,3,1,'2026-05-21 23:40:18','2026-05-21 23:40:18',4,7),(88,'Ruta simulada Central de Abasto Puebla - Puerto de Lázaro Cárdenas','Central de Abasto Puebla','Puerto de Lázaro Cárdenas',552.1,1770,3,3,3,3,1,'2026-05-21 23:40:18','2026-05-21 23:40:18',4,9),(89,'Ruta simulada Central de Abasto Puebla - Puerto de Altamira','Central de Abasto Puebla','Puerto de Altamira',476.8,1340,3,3,2,3,1,'2026-05-21 23:40:18','2026-05-21 23:40:18',4,10),(90,'Ruta simulada Central de Abasto Puebla - Puerto de Ensenada','Central de Abasto Puebla','Puerto de Ensenada',2911.1,9320,3,3,3,3,1,'2026-05-21 23:40:18','2026-05-21 23:40:18',4,11),(91,'Ruta simulada Central de Abasto Puebla - Puerto de Progreso','Central de Abasto Puebla','Puerto de Progreso',1151.7,3690,3,3,3,3,1,'2026-05-21 23:40:18','2026-05-21 23:40:18',4,12),(92,'Ruta simulada Central de Abasto Puebla - TAPO','Central de Abasto Puebla','TAPO',133,290,3,2,2,2,1,'2026-05-21 23:40:18','2026-05-21 23:40:18',4,13),(93,'Ruta simulada Central de Abasto Puebla - Central del Norte CDMX','Central de Abasto Puebla','Central del Norte CDMX',139.1,310,3,2,2,2,1,'2026-05-21 23:40:18','2026-05-21 23:40:18',4,14),(94,'Ruta simulada Central de Abasto Puebla - Central de Autobuses Observatorio','Central de Abasto Puebla','Central de Autobuses Observatorio',142.4,310,3,2,2,2,1,'2026-05-21 23:40:18','2026-05-21 23:40:18',4,15),(95,'Ruta simulada Central de Abasto Puebla - Central de Autobuses del Sur Taxqueña','Central de Abasto Puebla','Central de Autobuses del Sur Taxqueña',130.2,290,3,2,2,2,1,'2026-05-21 23:40:18','2026-05-21 23:40:18',4,16),(96,'Ruta simulada Central de Abasto Puebla - Central de Autobuses Monterrey','Central de Abasto Puebla','Central de Autobuses Monterrey',959.8,3070,3,3,3,3,1,'2026-05-21 23:40:18','2026-05-21 23:40:18',4,17),(97,'Ruta simulada Central de Abasto Puebla - CAPU Puebla','Central de Abasto Puebla','CAPU Puebla',5,80,4,2,2,2,1,'2026-05-21 23:40:18','2026-05-21 23:40:18',4,18),(98,'Ruta simulada Central de Abasto Puebla - Aeropuerto Internacional de la Ciudad de México','Central de Abasto Puebla','Aeropuerto Internacional de la Ciudad de México',128.4,280,3,2,2,2,1,'2026-05-21 23:40:18','2026-05-21 23:40:18',4,19),(99,'Ruta simulada Central de Abasto Puebla - Aeropuerto Internacional de Cancún','Central de Abasto Puebla','Aeropuerto Internacional de Cancún',1500,4800,3,3,3,3,1,'2026-05-21 23:40:18','2026-05-21 23:40:18',4,21),(100,'Ruta simulada Central de Abasto Puebla - Aeropuerto Internacional de Guadalajara','Central de Abasto Puebla','Aeropuerto Internacional de Guadalajara',701.6,2250,3,3,3,3,1,'2026-05-21 23:40:18','2026-05-21 23:40:18',4,22),(101,'Ruta simulada Central de Abasto Puebla - Aeropuerto Internacional de Monterrey','Central de Abasto Puebla','Aeropuerto Internacional de Monterrey',964.8,3090,3,3,3,3,1,'2026-05-21 23:40:18','2026-05-21 23:40:18',4,23),(102,'Ruta simulada Central de Abasto Puebla - Aeropuerto Internacional de Tijuana','Central de Abasto Puebla','Aeropuerto Internacional de Tijuana',2997.5,9590,3,3,3,3,1,'2026-05-21 23:40:18','2026-05-21 23:40:18',4,24),(103,'Ruta simulada Central de Abasto Toluca - Central de Abasto León','Central de Abasto Toluca','Central de Abasto León',361.4,1010,3,3,2,3,1,'2026-05-21 23:40:18','2026-05-21 23:40:18',5,6),(104,'Ruta simulada Central de Abasto Toluca - Puerto de Manzanillo','Central de Abasto Toluca','Puerto de Manzanillo',614.2,1970,3,3,3,3,1,'2026-05-21 23:40:18','2026-05-21 23:40:18',5,7),(105,'Ruta simulada Central de Abasto Toluca - Puerto de Veracruz','Central de Abasto Toluca','Puerto de Veracruz',460,1290,3,3,2,3,1,'2026-05-21 23:40:18','2026-05-21 23:40:18',5,8),(106,'Ruta simulada Central de Abasto Toluca - Puerto de Lázaro Cárdenas','Central de Abasto Toluca','Puerto de Lázaro Cárdenas',385.3,1080,3,3,2,3,1,'2026-05-21 23:40:18','2026-05-21 23:40:18',5,9),(107,'Ruta simulada Central de Abasto Toluca - Puerto de Altamira','Central de Abasto Toluca','Puerto de Altamira',499,1400,3,3,2,3,1,'2026-05-21 23:40:18','2026-05-21 23:40:18',5,10),(108,'Ruta simulada Central de Abasto Toluca - Puerto de Ensenada','Central de Abasto Toluca','Puerto de Ensenada',2746.5,8790,3,3,3,3,1,'2026-05-21 23:40:18','2026-05-21 23:40:18',5,11),(109,'Ruta simulada Central de Abasto Toluca - Puerto de Progreso','Central de Abasto Toluca','Puerto de Progreso',1328.6,4250,3,3,3,3,1,'2026-05-21 23:40:18','2026-05-21 23:40:18',5,12),(110,'Ruta simulada Central de Abasto Toluca - TAPO','Central de Abasto Toluca','TAPO',71,80,4,2,2,2,1,'2026-05-21 23:40:18','2026-05-21 23:40:18',5,13),(111,'Ruta simulada Central de Abasto Toluca - Central del Norte CDMX','Central de Abasto Toluca','Central del Norte CDMX',69.4,80,4,2,2,2,1,'2026-05-21 23:40:18','2026-05-21 23:40:18',5,14),(112,'Ruta simulada Central de Abasto Toluca - Central de Autobuses Observatorio','Central de Abasto Toluca','Central de Autobuses Observatorio',58.6,80,4,2,2,2,1,'2026-05-21 23:40:18','2026-05-21 23:40:18',5,15),(113,'Ruta simulada Central de Abasto Toluca - Central de Autobuses del Sur Taxqueña','Central de Abasto Toluca','Central de Autobuses del Sur Taxqueña',67.5,80,4,2,2,2,1,'2026-05-21 23:40:18','2026-05-21 23:40:18',5,16),(114,'Ruta simulada Central de Abasto Toluca - Central de Autobuses Monterrey','Central de Abasto Toluca','Central de Autobuses Monterrey',891.1,2850,3,3,3,3,1,'2026-05-21 23:40:18','2026-05-21 23:40:18',5,17),(115,'Ruta simulada Central de Abasto Toluca - CAPU Puebla','Central de Abasto Toluca','CAPU Puebla',190.3,420,3,2,2,2,1,'2026-05-21 23:40:18','2026-05-21 23:40:18',5,18),(116,'Ruta simulada Central de Abasto Toluca - Aeropuerto Internacional de la Ciudad de México','Central de Abasto Toluca','Aeropuerto Internacional de la Ciudad de México',76.3,80,4,2,2,2,1,'2026-05-21 23:40:18','2026-05-21 23:40:18',5,19),(117,'Ruta simulada Central de Abasto Toluca - Aeropuerto Internacional Felipe Ángeles','Central de Abasto Toluca','Aeropuerto Internacional Felipe Ángeles',100.2,220,3,2,2,2,1,'2026-05-21 23:40:18','2026-05-21 23:40:18',5,20),(118,'Ruta simulada Central de Abasto Toluca - Aeropuerto Internacional de Cancún','Central de Abasto Toluca','Aeropuerto Internacional de Cancún',1681.9,5380,3,3,3,3,1,'2026-05-21 23:40:18','2026-05-21 23:40:18',5,21),(119,'Ruta simulada Central de Abasto Toluca - Aeropuerto Internacional de Guadalajara','Central de Abasto Toluca','Aeropuerto Internacional de Guadalajara',509.1,1630,3,3,3,3,1,'2026-05-21 23:40:18','2026-05-21 23:40:18',5,22),(120,'Ruta simulada Central de Abasto Toluca - Aeropuerto Internacional de Monterrey','Central de Abasto Toluca','Aeropuerto Internacional de Monterrey',901.8,2890,3,3,3,3,1,'2026-05-21 23:40:18','2026-05-21 23:40:18',5,23),(121,'Ruta simulada Central de Abasto Toluca - Aeropuerto Internacional de Tijuana','Central de Abasto Toluca','Aeropuerto Internacional de Tijuana',2835,9070,3,3,3,3,1,'2026-05-21 23:40:18','2026-05-21 23:40:18',5,24),(122,'Ruta simulada Central de Abasto León - Puerto de Manzanillo','Central de Abasto León','Puerto de Manzanillo',448.6,1260,3,3,2,3,1,'2026-05-21 23:40:18','2026-05-21 23:40:18',6,7),(123,'Ruta simulada Central de Abasto León - Puerto de Veracruz','Central de Abasto León','Puerto de Veracruz',765.6,2450,3,3,3,3,1,'2026-05-21 23:40:18','2026-05-21 23:40:18',6,8),(124,'Ruta simulada Central de Abasto León - Puerto de Lázaro Cárdenas','Central de Abasto León','Puerto de Lázaro Cárdenas',442.4,1240,3,3,2,3,1,'2026-05-21 23:40:18','2026-05-21 23:40:18',6,9),(125,'Ruta simulada Central de Abasto León - Puerto de Altamira','Central de Abasto León','Puerto de Altamira',525,1680,3,3,3,3,1,'2026-05-21 23:40:18','2026-05-21 23:40:18',6,10),(126,'Ruta simulada Central de Abasto León - Puerto de Ensenada','Central de Abasto León','Puerto de Ensenada',2385.2,7630,3,3,3,3,1,'2026-05-21 23:40:18','2026-05-21 23:40:18',6,11),(127,'Ruta simulada Central de Abasto León - Puerto de Progreso','Central de Abasto León','Puerto de Progreso',1552.2,4970,3,3,3,3,1,'2026-05-21 23:40:18','2026-05-21 23:40:18',6,12),(128,'Ruta simulada Central de Abasto León - TAPO','Central de Abasto León','TAPO',403.2,1130,3,3,2,3,1,'2026-05-21 23:40:18','2026-05-21 23:40:18',6,13),(129,'Ruta simulada Central de Abasto León - Central del Norte CDMX','Central de Abasto León','Central del Norte CDMX',396.3,1110,3,3,2,3,1,'2026-05-21 23:40:18','2026-05-21 23:40:18',6,14),(130,'Ruta simulada Central de Abasto León - Central de Autobuses Observatorio','Central de Abasto León','Central de Autobuses Observatorio',396.4,1110,3,3,2,3,1,'2026-05-21 23:40:18','2026-05-21 23:40:18',6,15),(131,'Ruta simulada Central de Abasto León - Central de Autobuses del Sur Taxqueña','Central de Abasto León','Central de Autobuses del Sur Taxqueña',409.5,1150,3,3,2,3,1,'2026-05-21 23:40:18','2026-05-21 23:40:18',6,16),(132,'Ruta simulada Central de Abasto León - Central de Autobuses Monterrey','Central de Abasto León','Central de Autobuses Monterrey',659.4,2110,3,3,3,3,1,'2026-05-21 23:40:18','2026-05-21 23:40:18',6,17),(133,'Ruta simulada Central de Abasto León - CAPU Puebla','Central de Abasto León','CAPU Puebla',529.2,1690,3,3,3,3,1,'2026-05-21 23:40:18','2026-05-21 23:40:18',6,18),(134,'Ruta simulada Central de Abasto León - Aeropuerto Internacional de la Ciudad de México','Central de Abasto León','Aeropuerto Internacional de la Ciudad de México',407,1140,3,3,2,3,1,'2026-05-21 23:40:18','2026-05-21 23:40:18',6,19),(135,'Ruta simulada Central de Abasto León - Aeropuerto Internacional Felipe Ángeles','Central de Abasto León','Aeropuerto Internacional Felipe Ángeles',389.9,1090,3,3,2,3,1,'2026-05-21 23:40:18','2026-05-21 23:40:18',6,20),(136,'Ruta simulada Central de Abasto León - Aeropuerto Internacional de Cancún','Central de Abasto León','Aeropuerto Internacional de Cancún',1914.7,6130,3,3,3,3,1,'2026-05-21 23:40:18','2026-05-21 23:40:18',6,21),(137,'Ruta simulada Central de Abasto León - Aeropuerto Internacional de Guadalajara','Central de Abasto León','Aeropuerto Internacional de Guadalajara',231.2,650,3,2,2,3,1,'2026-05-21 23:40:18','2026-05-21 23:40:18',6,22),(138,'Ruta simulada Central de Abasto León - Aeropuerto Internacional de Monterrey','Central de Abasto León','Aeropuerto Internacional de Monterrey',679.3,2170,3,3,3,3,1,'2026-05-21 23:40:18','2026-05-21 23:40:18',6,23),(139,'Ruta simulada Central de Abasto León - Aeropuerto Internacional de Tijuana','Central de Abasto León','Aeropuerto Internacional de Tijuana',2473.6,7920,3,3,3,3,1,'2026-05-21 23:40:18','2026-05-21 23:40:18',6,24),(140,'Ruta simulada Puerto de Manzanillo - Puerto de Veracruz','Puerto de Manzanillo','Puerto de Veracruz',1073.6,3440,3,3,3,3,1,'2026-05-21 23:40:18','2026-05-21 23:40:18',7,8),(141,'Ruta simulada Puerto de Manzanillo - Puerto de Altamira','Puerto de Manzanillo','Puerto de Altamira',963.7,3080,3,3,3,3,1,'2026-05-21 23:40:18','2026-05-21 23:40:18',7,10),(142,'Ruta simulada Puerto de Manzanillo - Puerto de Progreso','Puerto de Manzanillo','Puerto de Progreso',1934.6,6190,3,3,3,3,1,'2026-05-21 23:40:18','2026-05-21 23:40:18',7,12),(143,'Ruta simulada Puerto de Manzanillo - TAPO','Puerto de Manzanillo','TAPO',683.8,2190,3,3,3,3,1,'2026-05-21 23:40:18','2026-05-21 23:40:18',7,13),(144,'Ruta simulada Puerto de Manzanillo - Central del Norte CDMX','Puerto de Manzanillo','Central del Norte CDMX',680.5,2180,3,3,3,3,1,'2026-05-21 23:40:18','2026-05-21 23:40:18',7,14),(145,'Ruta simulada Puerto de Manzanillo - Central de Autobuses Observatorio','Puerto de Manzanillo','Central de Autobuses Observatorio',671.9,2150,3,3,3,3,1,'2026-05-21 23:40:18','2026-05-21 23:40:18',7,15),(146,'Ruta simulada Puerto de Manzanillo - Central de Autobuses del Sur Taxqueña','Puerto de Manzanillo','Central de Autobuses del Sur Taxqueña',681.7,2180,3,3,3,3,1,'2026-05-21 23:40:18','2026-05-21 23:40:18',7,16),(147,'Ruta simulada Puerto de Manzanillo - Central de Autobuses Monterrey','Puerto de Manzanillo','Central de Autobuses Monterrey',1053.4,3370,3,3,3,3,1,'2026-05-21 23:40:18','2026-05-21 23:40:18',7,17),(148,'Ruta simulada Puerto de Manzanillo - CAPU Puebla','Puerto de Manzanillo','CAPU Puebla',801.4,2560,3,3,3,3,1,'2026-05-21 23:40:18','2026-05-21 23:40:18',7,18),(149,'Ruta simulada Puerto de Manzanillo - Aeropuerto Internacional de la Ciudad de México','Puerto de Manzanillo','Aeropuerto Internacional de la Ciudad de México',689.1,2210,3,3,3,3,1,'2026-05-21 23:40:18','2026-05-21 23:40:18',7,19),(150,'Ruta simulada Puerto de Manzanillo - Aeropuerto Internacional Felipe Ángeles','Puerto de Manzanillo','Aeropuerto Internacional Felipe Ángeles',698.9,2240,3,3,3,3,1,'2026-05-21 23:40:18','2026-05-21 23:40:18',7,20),(151,'Ruta simulada Puerto de Manzanillo - Aeropuerto Internacional de Cancún','Puerto de Manzanillo','Aeropuerto Internacional de Cancún',2291.7,7330,3,3,3,3,1,'2026-05-21 23:40:18','2026-05-21 23:40:18',7,21),(152,'Ruta simulada Puerto de Manzanillo - Aeropuerto Internacional de Guadalajara','Puerto de Manzanillo','Aeropuerto Internacional de Guadalajara',241.1,680,3,2,2,3,1,'2026-05-21 23:40:18','2026-05-21 23:40:18',7,22),(153,'Ruta simulada Puerto de Manzanillo - Aeropuerto Internacional de Monterrey','Puerto de Manzanillo','Aeropuerto Internacional de Monterrey',1078,3450,3,3,3,3,1,'2026-05-21 23:40:18','2026-05-21 23:40:18',7,23),(154,'Ruta simulada Puerto de Manzanillo - Aeropuerto Internacional de Tijuana','Puerto de Manzanillo','Aeropuerto Internacional de Tijuana',2449.1,7840,3,3,3,3,1,'2026-05-21 23:40:18','2026-05-21 23:40:18',7,24),(155,'Ruta simulada Puerto de Veracruz - Puerto de Lázaro Cárdenas','Puerto de Veracruz','Puerto de Lázaro Cárdenas',816.9,2610,3,3,3,3,1,'2026-05-21 23:40:18','2026-05-21 23:40:18',8,9),(156,'Ruta simulada Puerto de Veracruz - Puerto de Ensenada','Puerto de Veracruz','Puerto de Ensenada',3105.2,9940,3,3,3,3,1,'2026-05-21 23:40:18','2026-05-21 23:40:18',8,11),(157,'Ruta simulada Puerto de Veracruz - TAPO','Puerto de Veracruz','TAPO',392,1100,3,3,2,3,1,'2026-05-21 23:40:18','2026-05-21 23:40:18',8,13),(158,'Ruta simulada Puerto de Veracruz - Central del Norte CDMX','Puerto de Veracruz','Central del Norte CDMX',396.3,1110,3,3,2,3,1,'2026-05-21 23:40:18','2026-05-21 23:40:18',8,14),(159,'Ruta simulada Puerto de Veracruz - Central de Autobuses Observatorio','Puerto de Veracruz','Central de Autobuses Observatorio',403.4,1130,3,3,2,3,1,'2026-05-21 23:40:18','2026-05-21 23:40:18',8,15),(160,'Ruta simulada Puerto de Veracruz - Central de Autobuses del Sur Taxqueña','Puerto de Veracruz','Central de Autobuses del Sur Taxqueña',392.8,1100,3,3,2,3,1,'2026-05-21 23:40:18','2026-05-21 23:40:18',8,16),(161,'Ruta simulada Puerto de Veracruz - Central de Autobuses Monterrey','Puerto de Veracruz','Central de Autobuses Monterrey',1049.3,3360,3,3,3,3,1,'2026-05-21 23:40:18','2026-05-21 23:40:18',8,17),(162,'Ruta simulada Puerto de Veracruz - CAPU Puebla','Puerto de Veracruz','CAPU Puebla',272.9,760,3,2,2,3,1,'2026-05-21 23:40:18','2026-05-21 23:40:18',8,18),(163,'Ruta simulada Puerto de Veracruz - Aeropuerto Internacional de la Ciudad de México','Puerto de Veracruz','Aeropuerto Internacional de la Ciudad de México',386.9,1080,3,3,2,3,1,'2026-05-21 23:40:18','2026-05-21 23:40:18',8,19),(164,'Ruta simulada Puerto de Veracruz - Aeropuerto Internacional Felipe Ángeles','Puerto de Veracruz','Aeropuerto Internacional Felipe Ángeles',386.2,1080,3,3,2,3,1,'2026-05-21 23:40:18','2026-05-21 23:40:18',8,20),(165,'Ruta simulada Puerto de Veracruz - Aeropuerto Internacional de Cancún','Puerto de Veracruz','Aeropuerto Internacional de Cancún',1234.9,3950,3,3,3,3,1,'2026-05-21 23:40:18','2026-05-21 23:40:18',8,21),(166,'Ruta simulada Puerto de Veracruz - Aeropuerto Internacional de Guadalajara','Puerto de Veracruz','Aeropuerto Internacional de Guadalajara',956.1,3060,3,3,3,3,1,'2026-05-21 23:40:18','2026-05-21 23:40:18',8,22),(167,'Ruta simulada Puerto de Veracruz - Aeropuerto Internacional de Monterrey','Puerto de Veracruz','Aeropuerto Internacional de Monterrey',1046.9,3350,3,3,3,3,1,'2026-05-21 23:40:18','2026-05-21 23:40:18',8,23),(168,'Ruta simulada Puerto de Veracruz - Aeropuerto Internacional de Tijuana','Puerto de Veracruz','Aeropuerto Internacional de Tijuana',3187.9,10200,3,3,3,3,1,'2026-05-21 23:40:18','2026-05-21 23:40:18',8,24),(169,'Ruta simulada Puerto de Lázaro Cárdenas - Puerto de Altamira','Puerto de Lázaro Cárdenas','Puerto de Altamira',846.1,2710,3,3,3,3,1,'2026-05-21 23:40:18','2026-05-21 23:40:18',9,10),(170,'Ruta simulada Puerto de Lázaro Cárdenas - Puerto de Ensenada','Puerto de Lázaro Cárdenas','Puerto de Ensenada',2647.9,8470,3,3,3,3,1,'2026-05-21 23:40:18','2026-05-21 23:40:18',9,11),(171,'Ruta simulada Puerto de Lázaro Cárdenas - Puerto de Progreso','Puerto de Lázaro Cárdenas','Puerto de Progreso',1703.7,5450,3,3,3,3,1,'2026-05-21 23:40:18','2026-05-21 23:40:18',9,12),(172,'Ruta simulada Puerto de Lázaro Cárdenas - TAPO','Puerto de Lázaro Cárdenas','TAPO',454.4,1270,3,3,2,3,1,'2026-05-21 23:40:18','2026-05-21 23:40:18',9,13),(173,'Ruta simulada Puerto de Lázaro Cárdenas - Central del Norte CDMX','Puerto de Lázaro Cárdenas','Central del Norte CDMX',454.2,1270,3,3,2,3,1,'2026-05-21 23:40:18','2026-05-21 23:40:18',9,14),(174,'Ruta simulada Puerto de Lázaro Cárdenas - Central de Autobuses Observatorio','Puerto de Lázaro Cárdenas','Central de Autobuses Observatorio',442.1,1240,3,3,2,3,1,'2026-05-21 23:40:18','2026-05-21 23:40:18',9,15),(175,'Ruta simulada Puerto de Lázaro Cárdenas - Central de Autobuses del Sur Taxqueña','Puerto de Lázaro Cárdenas','Central de Autobuses del Sur Taxqueña',447.7,1250,3,3,2,3,1,'2026-05-21 23:40:18','2026-05-21 23:40:18',9,16),(176,'Ruta simulada Puerto de Lázaro Cárdenas - Central de Autobuses Monterrey','Puerto de Lázaro Cárdenas','Central de Autobuses Monterrey',1100.8,3520,3,3,3,3,1,'2026-05-21 23:40:18','2026-05-21 23:40:18',9,17),(177,'Ruta simulada Puerto de Lázaro Cárdenas - CAPU Puebla','Puerto de Lázaro Cárdenas','CAPU Puebla',547.9,1750,3,3,3,3,1,'2026-05-21 23:40:18','2026-05-21 23:40:18',9,18),(178,'Ruta simulada Puerto de Lázaro Cárdenas - Aeropuerto Internacional de la Ciudad de México','Puerto de Lázaro Cárdenas','Aeropuerto Internacional de la Ciudad de México',459.5,1290,3,3,2,3,1,'2026-05-21 23:40:18','2026-05-21 23:40:18',9,19),(179,'Ruta simulada Puerto de Lázaro Cárdenas - Aeropuerto Internacional Felipe Ángeles','Puerto de Lázaro Cárdenas','Aeropuerto Internacional Felipe Ángeles',484.7,1360,3,3,2,3,1,'2026-05-21 23:40:18','2026-05-21 23:40:18',9,20),(180,'Ruta simulada Puerto de Lázaro Cárdenas - Aeropuerto Internacional de Cancún','Puerto de Lázaro Cárdenas','Aeropuerto Internacional de Cancún',2051.4,6560,3,3,3,3,1,'2026-05-21 23:40:18','2026-05-21 23:40:18',9,21),(181,'Ruta simulada Puerto de Lázaro Cárdenas - Aeropuerto Internacional de Guadalajara','Puerto de Lázaro Cárdenas','Aeropuerto Internacional de Guadalajara',385.3,1080,3,3,2,3,1,'2026-05-21 23:40:18','2026-05-21 23:40:18',9,22),(182,'Ruta simulada Puerto de Lázaro Cárdenas - Aeropuerto Internacional de Monterrey','Puerto de Lázaro Cárdenas','Aeropuerto Internacional de Monterrey',1119.7,3580,3,3,3,3,1,'2026-05-21 23:40:18','2026-05-21 23:40:18',9,23),(183,'Ruta simulada Puerto de Lázaro Cárdenas - Aeropuerto Internacional de Tijuana','Puerto de Lázaro Cárdenas','Aeropuerto Internacional de Tijuana',2743,8780,3,3,3,3,1,'2026-05-21 23:40:18','2026-05-21 23:40:18',9,24),(184,'Ruta simulada Puerto de Altamira - Puerto de Ensenada','Puerto de Altamira','Puerto de Ensenada',2655,8500,3,3,3,3,1,'2026-05-21 23:40:18','2026-05-21 23:40:18',10,11),(185,'Ruta simulada Puerto de Altamira - Puerto de Progreso','Puerto de Altamira','Puerto de Progreso',1070.1,3420,3,3,3,3,1,'2026-05-21 23:40:18','2026-05-21 23:40:18',10,12),(186,'Ruta simulada Puerto de Altamira - TAPO','Puerto de Altamira','TAPO',455.1,1270,3,3,2,3,1,'2026-05-21 23:40:18','2026-05-21 23:40:18',10,13),(187,'Ruta simulada Puerto de Altamira - Central del Norte CDMX','Puerto de Altamira','Central del Norte CDMX',450.1,1260,3,3,2,3,1,'2026-05-21 23:40:18','2026-05-21 23:40:18',10,14),(188,'Ruta simulada Puerto de Altamira - Central de Autobuses Observatorio','Puerto de Altamira','Central de Autobuses Observatorio',463.4,1300,3,3,2,3,1,'2026-05-21 23:40:18','2026-05-21 23:40:18',10,15),(189,'Ruta simulada Puerto de Altamira - Central de Autobuses del Sur Taxqueña','Puerto de Altamira','Central de Autobuses del Sur Taxqueña',467.4,1310,3,3,2,3,1,'2026-05-21 23:40:18','2026-05-21 23:40:18',10,16),(190,'Ruta simulada Puerto de Altamira - Central de Autobuses Monterrey','Puerto de Altamira','Central de Autobuses Monterrey',543,1740,3,3,3,3,1,'2026-05-21 23:40:18','2026-05-21 23:40:18',10,17),(191,'Ruta simulada Puerto de Altamira - CAPU Puebla','Puerto de Altamira','CAPU Puebla',476.5,1330,3,3,2,3,1,'2026-05-21 23:40:18','2026-05-21 23:40:18',10,18),(192,'Ruta simulada Puerto de Altamira - Aeropuerto Internacional de la Ciudad de México','Puerto de Altamira','Aeropuerto Internacional de la Ciudad de México',452.5,1270,3,3,2,3,1,'2026-05-21 23:40:18','2026-05-21 23:40:18',10,19),(193,'Ruta simulada Puerto de Altamira - Aeropuerto Internacional Felipe Ángeles','Puerto de Altamira','Aeropuerto Internacional Felipe Ángeles',411.1,1150,3,3,2,3,1,'2026-05-21 23:40:18','2026-05-21 23:40:18',10,20),(194,'Ruta simulada Puerto de Altamira - Aeropuerto Internacional de Cancún','Puerto de Altamira','Aeropuerto Internacional de Cancún',1431.7,4580,3,3,3,3,1,'2026-05-21 23:40:18','2026-05-21 23:40:18',10,21),(195,'Ruta simulada Puerto de Altamira - Aeropuerto Internacional de Guadalajara','Puerto de Altamira','Aeropuerto Internacional de Guadalajara',756.1,2420,3,3,3,3,1,'2026-05-21 23:40:18','2026-05-21 23:40:18',10,22),(196,'Ruta simulada Puerto de Altamira - Aeropuerto Internacional de Monterrey','Puerto de Altamira','Aeropuerto Internacional de Monterrey',538.9,1720,3,3,3,3,1,'2026-05-21 23:40:18','2026-05-21 23:40:18',10,23),(197,'Ruta simulada Puerto de Altamira - Aeropuerto Internacional de Tijuana','Puerto de Altamira','Aeropuerto Internacional de Tijuana',2732.4,8740,3,3,3,3,1,'2026-05-21 23:40:18','2026-05-21 23:40:18',10,24),(198,'Ruta simulada Puerto de Ensenada - Puerto de Progreso','Puerto de Ensenada','Puerto de Progreso',3646.5,11670,3,3,3,3,1,'2026-05-21 23:40:18','2026-05-21 23:40:18',11,12),(199,'Ruta simulada Puerto de Ensenada - TAPO','Puerto de Ensenada','TAPO',2785.6,8910,3,3,3,3,1,'2026-05-21 23:40:18','2026-05-21 23:40:18',11,13),(200,'Ruta simulada Puerto de Ensenada - Central del Norte CDMX','Puerto de Ensenada','Central del Norte CDMX',2778.3,8890,3,3,3,3,1,'2026-05-21 23:40:18','2026-05-21 23:40:18',11,14),(201,'Ruta simulada Puerto de Ensenada - Central de Autobuses Observatorio','Puerto de Ensenada','Central de Autobuses Observatorio',2779.9,8900,3,3,3,3,1,'2026-05-21 23:40:18','2026-05-21 23:40:18',11,15),(202,'Ruta simulada Puerto de Ensenada - Central de Autobuses del Sur Taxqueña','Puerto de Ensenada','Central de Autobuses del Sur Taxqueña',2792.9,8940,3,3,3,3,1,'2026-05-21 23:40:18','2026-05-21 23:40:18',11,16),(203,'Ruta simulada Puerto de Ensenada - Central de Autobuses Monterrey','Puerto de Ensenada','Central de Autobuses Monterrey',2160.9,6910,3,3,3,3,1,'2026-05-21 23:40:18','2026-05-21 23:40:18',11,17),(204,'Ruta simulada Puerto de Ensenada - CAPU Puebla','Puerto de Ensenada','CAPU Puebla',2907.2,9300,3,3,3,3,1,'2026-05-21 23:40:18','2026-05-21 23:40:18',11,18),(205,'Ruta simulada Puerto de Ensenada - Aeropuerto Internacional de la Ciudad de México','Puerto de Ensenada','Aeropuerto Internacional de la Ciudad de México',2789,8920,3,3,3,3,1,'2026-05-21 23:40:18','2026-05-21 23:40:18',11,19),(206,'Ruta simulada Puerto de Ensenada - Aeropuerto Internacional Felipe Ángeles','Puerto de Ensenada','Aeropuerto Internacional Felipe Ángeles',2766,8850,3,3,3,3,1,'2026-05-21 23:40:18','2026-05-21 23:40:18',11,20),(207,'Ruta simulada Puerto de Ensenada - Aeropuerto Internacional de Cancún','Puerto de Ensenada','Aeropuerto Internacional de Cancún',3979.1,12730,3,3,3,3,1,'2026-05-21 23:40:18','2026-05-21 23:40:18',11,21),(208,'Ruta simulada Puerto de Ensenada - Aeropuerto Internacional de Guadalajara','Puerto de Ensenada','Aeropuerto Internacional de Guadalajara',2285.1,7310,3,3,3,3,1,'2026-05-21 23:40:18','2026-05-21 23:40:18',11,22),(209,'Ruta simulada Puerto de Ensenada - Aeropuerto Internacional de Monterrey','Puerto de Ensenada','Aeropuerto Internacional de Monterrey',2178.7,6970,3,3,3,3,1,'2026-05-21 23:40:18','2026-05-21 23:40:18',11,23),(210,'Ruta simulada Puerto de Ensenada - Aeropuerto Internacional de Tijuana','Puerto de Ensenada','Aeropuerto Internacional de Tijuana',103.5,230,3,2,2,2,1,'2026-05-21 23:40:18','2026-05-21 23:40:18',11,24),(211,'Ruta simulada Puerto de Progreso - TAPO','Puerto de Progreso','TAPO',1257.6,4020,3,3,3,3,1,'2026-05-21 23:40:18','2026-05-21 23:40:18',12,13),(212,'Ruta simulada Puerto de Progreso - Central del Norte CDMX','Puerto de Progreso','Central del Norte CDMX',1259.7,4030,3,3,3,3,1,'2026-05-21 23:40:18','2026-05-21 23:40:18',12,14),(213,'Ruta simulada Puerto de Progreso - Central de Autobuses Observatorio','Puerto de Progreso','Central de Autobuses Observatorio',1270,4060,3,3,3,3,1,'2026-05-21 23:40:18','2026-05-21 23:40:18',12,15),(214,'Ruta simulada Puerto de Progreso - Central de Autobuses del Sur Taxqueña','Puerto de Progreso','Central de Autobuses del Sur Taxqueña',1262,4040,3,3,3,3,1,'2026-05-21 23:40:18','2026-05-21 23:40:18',12,16),(215,'Ruta simulada Puerto de Progreso - Central de Autobuses Monterrey','Puerto de Progreso','Central de Autobuses Monterrey',1489.1,4770,3,3,3,3,1,'2026-05-21 23:40:18','2026-05-21 23:40:18',12,17),(216,'Ruta simulada Puerto de Progreso - CAPU Puebla','Puerto de Progreso','CAPU Puebla',1155.9,3700,3,3,3,3,1,'2026-05-21 23:40:18','2026-05-21 23:40:18',12,18),(217,'Ruta simulada Puerto de Progreso - Aeropuerto Internacional de la Ciudad de México','Puerto de Progreso','Aeropuerto Internacional de la Ciudad de México',1252.3,4010,3,3,3,3,1,'2026-05-21 23:40:18','2026-05-21 23:40:18',12,19),(218,'Ruta simulada Puerto de Progreso - Aeropuerto Internacional Felipe Ángeles','Puerto de Progreso','Aeropuerto Internacional Felipe Ángeles',1237.2,3960,3,3,3,3,1,'2026-05-21 23:40:18','2026-05-21 23:40:18',12,20),(219,'Ruta simulada Puerto de Progreso - Aeropuerto Internacional de Cancún','Puerto de Progreso','Aeropuerto Internacional de Cancún',363,1020,3,3,2,3,1,'2026-05-21 23:40:18','2026-05-21 23:40:18',12,21),(220,'Ruta simulada Puerto de Progreso - Aeropuerto Internacional de Guadalajara','Puerto de Progreso','Aeropuerto Internacional de Guadalajara',1774.7,5680,3,3,3,3,1,'2026-05-21 23:40:18','2026-05-21 23:40:18',12,22),(221,'Ruta simulada Puerto de Progreso - Aeropuerto Internacional de Monterrey','Puerto de Progreso','Aeropuerto Internacional de Monterrey',1469.6,4700,3,3,3,3,1,'2026-05-21 23:40:18','2026-05-21 23:40:18',12,23),(222,'Ruta simulada Puerto de Progreso - Aeropuerto Internacional de Tijuana','Puerto de Progreso','Aeropuerto Internacional de Tijuana',3713.9,11880,3,3,3,3,1,'2026-05-21 23:40:18','2026-05-21 23:40:18',12,24),(223,'Ruta simulada TAPO - Central del Norte CDMX','TAPO','Central del Norte CDMX',7.7,80,4,2,2,2,1,'2026-05-21 23:40:18','2026-05-21 23:40:18',13,14),(224,'Ruta simulada TAPO - Central de Autobuses Observatorio','TAPO','Central de Autobuses Observatorio',12.4,80,4,2,2,2,1,'2026-05-21 23:40:18','2026-05-21 23:40:18',13,15),(225,'Ruta simulada TAPO - Central de Autobuses del Sur Taxqueña','TAPO','Central de Autobuses del Sur Taxqueña',12.7,80,4,2,2,2,1,'2026-05-21 23:40:18','2026-05-21 23:40:18',13,16),(226,'Ruta simulada TAPO - Central de Autobuses Monterrey','TAPO','Central de Autobuses Monterrey',883,2830,3,3,3,3,1,'2026-05-21 23:40:18','2026-05-21 23:40:18',13,17),(227,'Ruta simulada TAPO - Aeropuerto Internacional de la Ciudad de México','TAPO','Aeropuerto Internacional de la Ciudad de México',5.3,80,4,2,2,2,1,'2026-05-21 23:40:18','2026-05-21 23:40:18',13,19),(228,'Ruta simulada TAPO - Aeropuerto Internacional Felipe Ángeles','TAPO','Aeropuerto Internacional Felipe Ángeles',44.2,80,4,2,2,2,1,'2026-05-21 23:40:18','2026-05-21 23:40:18',13,20),(229,'Ruta simulada TAPO - Aeropuerto Internacional de Cancún','TAPO','Aeropuerto Internacional de Cancún',1611.1,5160,3,3,3,3,1,'2026-05-21 23:40:18','2026-05-21 23:40:18',13,21),(230,'Ruta simulada TAPO - Aeropuerto Internacional de Guadalajara','TAPO','Aeropuerto Internacional de Guadalajara',569.1,1820,3,3,3,3,1,'2026-05-21 23:40:18','2026-05-21 23:40:18',13,22),(231,'Ruta simulada TAPO - Aeropuerto Internacional de Monterrey','TAPO','Aeropuerto Internacional de Monterrey',891.5,2850,3,3,3,3,1,'2026-05-21 23:40:18','2026-05-21 23:40:18',13,23),(232,'Ruta simulada TAPO - Aeropuerto Internacional de Tijuana','TAPO','Aeropuerto Internacional de Tijuana',2873,9190,3,3,3,3,1,'2026-05-21 23:40:18','2026-05-21 23:40:18',13,24),(233,'Ruta simulada Central del Norte CDMX - Central de Autobuses Observatorio','Central del Norte CDMX','Central de Autobuses Observatorio',13.7,80,4,2,2,2,1,'2026-05-21 23:40:18','2026-05-21 23:40:18',14,15),(234,'Ruta simulada Central del Norte CDMX - Central de Autobuses del Sur Taxqueña','Central del Norte CDMX','Central de Autobuses del Sur Taxqueña',19.5,80,4,2,2,2,1,'2026-05-21 23:40:18','2026-05-21 23:40:18',14,16),(235,'Ruta simulada Central del Norte CDMX - CAPU Puebla','Central del Norte CDMX','CAPU Puebla',134.7,300,3,2,2,2,1,'2026-05-21 23:40:18','2026-05-21 23:40:18',14,18),(236,'Ruta simulada Central del Norte CDMX - Aeropuerto Internacional de la Ciudad de México','Central del Norte CDMX','Aeropuerto Internacional de la Ciudad de México',10.8,80,4,2,2,2,1,'2026-05-21 23:40:18','2026-05-21 23:40:18',14,19),(237,'Ruta simulada Central del Norte CDMX - Aeropuerto Internacional Felipe Ángeles','Central del Norte CDMX','Aeropuerto Internacional Felipe Ángeles',39,80,4,2,2,2,1,'2026-05-21 23:40:18','2026-05-21 23:40:18',14,20),(238,'Ruta simulada Central del Norte CDMX - Aeropuerto Internacional de Cancún','Central del Norte CDMX','Aeropuerto Internacional de Cancún',1613.6,5160,3,3,3,3,1,'2026-05-21 23:40:18','2026-05-21 23:40:18',14,21),(239,'Ruta simulada Central del Norte CDMX - Aeropuerto Internacional de Guadalajara','Central del Norte CDMX','Aeropuerto Internacional de Guadalajara',563.7,1800,3,3,3,3,1,'2026-05-21 23:40:18','2026-05-21 23:40:18',14,22),(240,'Ruta simulada Central del Norte CDMX - Aeropuerto Internacional de Monterrey','Central del Norte CDMX','Aeropuerto Internacional de Monterrey',884.3,2830,3,3,3,3,1,'2026-05-21 23:40:18','2026-05-21 23:40:18',14,23),(241,'Ruta simulada Central del Norte CDMX - Aeropuerto Internacional de Tijuana','Central del Norte CDMX','Aeropuerto Internacional de Tijuana',2865.7,9170,3,3,3,3,1,'2026-05-21 23:40:18','2026-05-21 23:40:18',14,24),(242,'Ruta simulada Central de Autobuses Observatorio - Central de Autobuses del Sur Taxqueña','Central de Autobuses Observatorio','Central de Autobuses del Sur Taxqueña',13,80,4,2,2,2,1,'2026-05-21 23:40:18','2026-05-21 23:40:18',15,16),(243,'Ruta simulada Central de Autobuses Observatorio - Central de Autobuses Monterrey','Central de Autobuses Observatorio','Central de Autobuses Monterrey',885.5,2830,3,3,3,3,1,'2026-05-21 23:40:18','2026-05-21 23:40:18',15,17),(244,'Ruta simulada Central de Autobuses Observatorio - CAPU Puebla','Central de Autobuses Observatorio','CAPU Puebla',137.9,300,3,2,2,2,1,'2026-05-21 23:40:18','2026-05-21 23:40:18',15,18),(245,'Ruta simulada Central de Autobuses Observatorio - Aeropuerto Internacional de la Ciudad de México','Central de Autobuses Observatorio','Aeropuerto Internacional de la Ciudad de México',17.7,80,4,2,2,2,1,'2026-05-21 23:40:18','2026-05-21 23:40:18',15,19),(246,'Ruta simulada Central de Autobuses Observatorio - Aeropuerto Internacional Felipe Ángeles','Central de Autobuses Observatorio','Aeropuerto Internacional Felipe Ángeles',52.4,80,4,2,2,2,1,'2026-05-21 23:40:18','2026-05-21 23:40:18',15,20),(247,'Ruta simulada Central de Autobuses Observatorio - Aeropuerto Internacional de Cancún','Central de Autobuses Observatorio','Aeropuerto Internacional de Cancún',1623.4,5190,3,3,3,3,1,'2026-05-21 23:40:18','2026-05-21 23:40:18',15,21),(248,'Ruta simulada Central de Autobuses Observatorio - Aeropuerto Internacional de Guadalajara','Central de Autobuses Observatorio','Aeropuerto Internacional de Guadalajara',559.2,1790,3,3,3,3,1,'2026-05-21 23:40:18','2026-05-21 23:40:18',15,22),(249,'Ruta simulada Central de Autobuses Observatorio - Aeropuerto Internacional de Monterrey','Central de Autobuses Observatorio','Aeropuerto Internacional de Monterrey',894.4,2860,3,3,3,3,1,'2026-05-21 23:40:18','2026-05-21 23:40:18',15,23),(250,'Ruta simulada Central de Autobuses Observatorio - Aeropuerto Internacional de Tijuana','Central de Autobuses Observatorio','Aeropuerto Internacional de Tijuana',2867.5,9180,3,3,3,3,1,'2026-05-21 23:40:18','2026-05-21 23:40:18',15,24),(251,'Ruta simulada Central de Autobuses del Sur Taxqueña - Central de Autobuses Monterrey','Central de Autobuses del Sur Taxqueña','Central de Autobuses Monterrey',895.2,2860,3,3,3,3,1,'2026-05-21 23:40:18','2026-05-21 23:40:18',16,17),(252,'Ruta simulada Central de Autobuses del Sur Taxqueña - CAPU Puebla','Central de Autobuses del Sur Taxqueña','CAPU Puebla',125.7,280,3,2,2,2,1,'2026-05-21 23:40:18','2026-05-21 23:40:18',16,18),(253,'Ruta simulada Central de Autobuses del Sur Taxqueña - Aeropuerto Internacional de la Ciudad de México','Central de Autobuses del Sur Taxqueña','Aeropuerto Internacional de la Ciudad de México',15,80,4,2,2,2,1,'2026-05-21 23:40:18','2026-05-21 23:40:18',16,19),(254,'Ruta simulada Central de Autobuses del Sur Taxqueña - Aeropuerto Internacional Felipe Ángeles','Central de Autobuses del Sur Taxqueña','Aeropuerto Internacional Felipe Ángeles',56.8,80,4,2,2,2,1,'2026-05-21 23:40:18','2026-05-21 23:40:18',16,20),(255,'Ruta simulada Central de Autobuses del Sur Taxqueña - Aeropuerto Internacional de Cancún','Central de Autobuses del Sur Taxqueña','Aeropuerto Internacional de Cancún',1614.8,5170,3,3,3,3,1,'2026-05-21 23:40:18','2026-05-21 23:40:18',16,21),(256,'Ruta simulada Central de Autobuses del Sur Taxqueña - Aeropuerto Internacional de Guadalajara','Central de Autobuses del Sur Taxqueña','Aeropuerto Internacional de Guadalajara',571.3,1830,3,3,3,3,1,'2026-05-21 23:40:18','2026-05-21 23:40:18',16,22),(257,'Ruta simulada Central de Autobuses del Sur Taxqueña - Aeropuerto Internacional de Monterrey','Central de Autobuses del Sur Taxqueña','Aeropuerto Internacional de Monterrey',903.8,2890,3,3,3,3,1,'2026-05-21 23:40:18','2026-05-21 23:40:18',16,23),(258,'Ruta simulada Central de Autobuses del Sur Taxqueña - Aeropuerto Internacional de Tijuana','Central de Autobuses del Sur Taxqueña','Aeropuerto Internacional de Tijuana',2880.5,9220,3,3,3,3,1,'2026-05-21 23:40:18','2026-05-21 23:40:18',16,24),(259,'Ruta simulada Central de Autobuses Monterrey - CAPU Puebla','Central de Autobuses Monterrey','CAPU Puebla',957.9,3070,3,3,3,3,1,'2026-05-21 23:40:18','2026-05-21 23:40:18',17,18),(260,'Ruta simulada Central de Autobuses Monterrey - Aeropuerto Internacional de la Ciudad de México','Central de Autobuses Monterrey','Aeropuerto Internacional de la Ciudad de México',883.2,2830,3,3,3,3,1,'2026-05-21 23:40:18','2026-05-21 23:40:18',17,19),(261,'Ruta simulada Central de Autobuses Monterrey - Aeropuerto Internacional Felipe Ángeles','Central de Autobuses Monterrey','Aeropuerto Internacional Felipe Ángeles',843.1,2700,3,3,3,3,1,'2026-05-21 23:40:18','2026-05-21 23:40:18',17,20),(262,'Ruta simulada Central de Autobuses Monterrey - Aeropuerto Internacional de Cancún','Central de Autobuses Monterrey','Aeropuerto Internacional de Cancún',1831.6,5860,3,3,3,3,1,'2026-05-21 23:40:18','2026-05-21 23:40:18',17,21),(263,'Ruta simulada Central de Autobuses Monterrey - Aeropuerto Internacional de Guadalajara','Central de Autobuses Monterrey','Aeropuerto Internacional de Guadalajara',813.1,2600,3,3,3,3,1,'2026-05-21 23:40:18','2026-05-21 23:40:18',17,22),(264,'Ruta simulada Central de Autobuses Monterrey - Aeropuerto Internacional de Monterrey','Central de Autobuses Monterrey','Aeropuerto Internacional de Monterrey',29.6,80,4,2,2,2,1,'2026-05-21 23:40:18','2026-05-21 23:40:18',17,23),(265,'Ruta simulada Central de Autobuses Monterrey - Aeropuerto Internacional de Tijuana','Central de Autobuses Monterrey','Aeropuerto Internacional de Tijuana',2231.7,7140,3,3,3,3,1,'2026-05-21 23:40:18','2026-05-21 23:40:18',17,24),(266,'Ruta simulada CAPU Puebla - Aeropuerto Internacional de la Ciudad de México','CAPU Puebla','Aeropuerto Internacional de la Ciudad de México',124,270,3,2,2,2,1,'2026-05-21 23:40:18','2026-05-21 23:40:18',18,19),(267,'Ruta simulada CAPU Puebla - Aeropuerto Internacional Felipe Ángeles','CAPU Puebla','Aeropuerto Internacional Felipe Ángeles',141.3,310,3,2,2,2,1,'2026-05-21 23:40:18','2026-05-21 23:40:18',18,20),(268,'Ruta simulada CAPU Puebla - Aeropuerto Internacional de Cancún','CAPU Puebla','Aeropuerto Internacional de Cancún',1504.3,4810,3,3,3,3,1,'2026-05-21 23:40:18','2026-05-21 23:40:18',18,21),(269,'Ruta simulada CAPU Puebla - Aeropuerto Internacional de Guadalajara','CAPU Puebla','Aeropuerto Internacional de Guadalajara',697,2230,3,3,3,3,1,'2026-05-21 23:40:18','2026-05-21 23:40:18',18,22),(270,'Ruta simulada CAPU Puebla - Aeropuerto Internacional de Monterrey','CAPU Puebla','Aeropuerto Internacional de Monterrey',963.1,3080,3,3,3,3,1,'2026-05-21 23:40:18','2026-05-21 23:40:18',18,23),(271,'Ruta simulada CAPU Puebla - Aeropuerto Internacional de Tijuana','CAPU Puebla','Aeropuerto Internacional de Tijuana',2993.7,9580,3,3,3,3,1,'2026-05-21 23:40:18','2026-05-21 23:40:18',18,24),(272,'Ruta simulada Aeropuerto Internacional de la Ciudad de México - Aeropuerto Internacional Felipe Ángeles','Aeropuerto Internacional de la Ciudad de México','Aeropuerto Internacional Felipe Ángeles',42.3,80,4,2,2,2,1,'2026-05-21 23:40:18','2026-05-21 23:40:18',19,20),(273,'Ruta simulada Aeropuerto Internacional de la Ciudad de México - Aeropuerto Internacional de Monterrey','Aeropuerto Internacional de la Ciudad de México','Aeropuerto Internacional de Monterrey',891.5,2850,3,3,3,3,1,'2026-05-21 23:40:18','2026-05-21 23:40:18',19,23),(274,'Ruta simulada Aeropuerto Internacional de la Ciudad de México - Aeropuerto Internacional de Tijuana','Aeropuerto Internacional de la Ciudad de México','Aeropuerto Internacional de Tijuana',2876.3,9200,3,3,3,3,1,'2026-05-21 23:40:18','2026-05-21 23:40:18',19,24),(275,'Ruta simulada Aeropuerto Internacional Felipe Ángeles - Aeropuerto Internacional de Cancún','Aeropuerto Internacional Felipe Ángeles','Aeropuerto Internacional de Cancún',1593,5100,3,3,3,3,1,'2026-05-21 23:40:18','2026-05-21 23:40:18',20,21),(276,'Ruta simulada Aeropuerto Internacional Felipe Ángeles - Aeropuerto Internacional de Guadalajara','Aeropuerto Internacional Felipe Ángeles','Aeropuerto Internacional de Guadalajara',569.9,1820,3,3,3,3,1,'2026-05-21 23:40:18','2026-05-21 23:40:18',20,22),(277,'Ruta simulada Aeropuerto Internacional Felipe Ángeles - Aeropuerto Internacional de Tijuana','Aeropuerto Internacional Felipe Ángeles','Aeropuerto Internacional de Tijuana',2852.5,9130,3,3,3,3,1,'2026-05-21 23:40:18','2026-05-21 23:40:18',20,24),(278,'Ruta simulada Aeropuerto Internacional de Cancún - Aeropuerto Internacional de Guadalajara','Aeropuerto Internacional de Cancún','Aeropuerto Internacional de Guadalajara',2136.2,6840,3,3,3,3,1,'2026-05-21 23:40:18','2026-05-21 23:40:18',21,22),(279,'Ruta simulada Aeropuerto Internacional de Cancún - Aeropuerto Internacional de Monterrey','Aeropuerto Internacional de Cancún','Aeropuerto Internacional de Monterrey',1810.4,5790,3,3,3,3,1,'2026-05-21 23:40:18','2026-05-21 23:40:18',21,23),(280,'Ruta simulada Aeropuerto Internacional de Cancún - Aeropuerto Internacional de Tijuana','Aeropuerto Internacional de Cancún','Aeropuerto Internacional de Tijuana',4043.3,12940,3,3,3,3,1,'2026-05-21 23:40:18','2026-05-21 23:40:18',21,24),(281,'Ruta simulada Aeropuerto Internacional de Guadalajara - Aeropuerto Internacional de Monterrey','Aeropuerto Internacional de Guadalajara','Aeropuerto Internacional de Monterrey',837.5,2680,3,3,3,3,1,'2026-05-21 23:40:18','2026-05-21 23:40:18',22,23),(282,'Ruta simulada Aeropuerto Internacional de Monterrey - Aeropuerto Internacional de Tijuana','Aeropuerto Internacional de Monterrey','Aeropuerto Internacional de Tijuana',2248.6,7200,3,3,3,3,1,'2026-05-21 23:40:18','2026-05-21 23:40:18',23,24);
/*!40000 ALTER TABLE `rutas` ENABLE KEYS */;
UNLOCK TABLES;

--
-- Table structure for table `simulaciones`
--

DROP TABLE IF EXISTS `simulaciones`;
/*!40101 SET @saved_cs_client     = @@character_set_client */;
/*!50503 SET character_set_client = utf8mb4 */;
CREATE TABLE `simulaciones` (
  `id` int NOT NULL AUTO_INCREMENT,
  `origen` varchar(100) NOT NULL,
  `destino` varchar(100) NOT NULL,
  `peso_kg` float NOT NULL,
  `tipo_mercancia` varchar(120) NOT NULL,
  `prioridad` varchar(30) NOT NULL,
  `fecha` date NOT NULL,
  `created_at` datetime NOT NULL,
  PRIMARY KEY (`id`),
  KEY `ix_simulaciones_id` (`id`),
  KEY `ix_simulaciones_origen` (`origen`),
  KEY `ix_simulaciones_destino` (`destino`)
) ENGINE=InnoDB AUTO_INCREMENT=12 DEFAULT CHARSET=utf8mb4 COLLATE=utf8mb4_0900_ai_ci;
/*!40101 SET character_set_client = @saved_cs_client */;

--
-- Dumping data for table `simulaciones`
--

LOCK TABLES `simulaciones` WRITE;
/*!40000 ALTER TABLE `simulaciones` DISABLE KEYS */;
INSERT INTO `simulaciones` VALUES (10,'CAPU Puebla','Central de Autobuses del Sur Taxqueña',1000,'mixta','equilibrada','2026-05-22','2026-05-22 20:59:43'),(11,'Aeropuerto Internacional de Cancún','Aeropuerto Internacional de Guadalajara',1000,'mixta','equilibrada','2026-05-22','2026-05-22 21:00:37');
/*!40000 ALTER TABLE `simulaciones` ENABLE KEYS */;
UNLOCK TABLES;

--
-- Table structure for table `transportes`
--

DROP TABLE IF EXISTS `transportes`;
/*!40101 SET @saved_cs_client     = @@character_set_client */;
/*!50503 SET character_set_client = utf8mb4 */;
CREATE TABLE `transportes` (
  `id` int NOT NULL AUTO_INCREMENT,
  `nombre` varchar(120) NOT NULL,
  `tipo` varchar(30) NOT NULL,
  `costo_km` float NOT NULL,
  `velocidad_promedio` float NOT NULL,
  `capacidad_kg` float NOT NULL,
  `seguridad` int NOT NULL,
  `mantenimiento` float NOT NULL,
  `costo_operativo` float NOT NULL,
  `consumo_por_km` float NOT NULL,
  `activo` tinyint(1) NOT NULL,
  `created_at` datetime NOT NULL,
  `updated_at` datetime NOT NULL,
  `categoria` varchar(30) DEFAULT NULL,
  `subcategoria` varchar(80) DEFAULT NULL,
  `tipo_mercancia` varchar(30) DEFAULT NULL,
  `refrigerado` tinyint(1) DEFAULT NULL,
  `combustible` varchar(40) DEFAULT NULL,
  `rendimiento_km_litro` float DEFAULT NULL,
  `factor_caseta` float DEFAULT NULL,
  `costo_combustible_litro` float DEFAULT NULL,
  `descripcion` text,
  `uso_recomendado` text,
  PRIMARY KEY (`id`),
  KEY `ix_transportes_id` (`id`),
  KEY `ix_transportes_tipo` (`tipo`),
  KEY `ix_transportes_categoria` (`categoria`),
  KEY `ix_transportes_tipo_mercancia` (`tipo_mercancia`)
) ENGINE=InnoDB AUTO_INCREMENT=36 DEFAULT CHARSET=utf8mb4 COLLATE=utf8mb4_0900_ai_ci;
/*!40101 SET character_set_client = @saved_cs_client */;

--
-- Dumping data for table `transportes`
--

LOCK TABLES `transportes` WRITE;
/*!40000 ALTER TABLE `transportes` DISABLE KEYS */;
INSERT INTO `transportes` VALUES (1,'Camion ligero','terrestre',22,75,3500,3,300,500,0.2,1,'2026-05-12 00:00:03','2026-05-12 00:00:03',NULL,NULL,NULL,NULL,NULL,NULL,NULL,NULL,NULL,NULL),(2,'Trailer','terrestre',35,65,18000,3,800,1200,0.35,1,'2026-05-12 00:00:03','2026-05-12 00:00:03',NULL,NULL,NULL,NULL,NULL,NULL,NULL,NULL,NULL,NULL),(3,'Tren de carga','ferroviario',1.79,60,80000,4,5000,7000,0.0714,1,'2026-05-12 00:00:03','2026-05-19 23:46:38','ferroviario','tren_carga_general','mixta',0,'diesel',14,0,25,'Dato académico simulado para comparación logística.','carga masiva terrestre en corredores ferroviarios'),(4,'Avion de carga','aereo',85,600,8000,5,2500,5000,1.5,1,'2026-05-12 00:00:03','2026-05-12 00:00:03',NULL,NULL,NULL,NULL,NULL,NULL,NULL,NULL,NULL,NULL),(5,'Barco de carga','maritimo',10,35,100000,4,2000,3000,0.08,1,'2026-05-12 00:00:03','2026-05-12 00:00:03',NULL,NULL,NULL,NULL,NULL,NULL,NULL,NULL,NULL,NULL),(6,'Camioneta de carga ligera','terrestre',2.67,80,1000,3,250,450,0.1111,1,'2026-05-19 23:46:38','2026-05-19 23:46:38','terrestre','camioneta_carga','no_perecedera',0,'gasolina',9,0.7,24,'Dato académico simulado para comparación logística.','entregas urbanas y paquetería ligera'),(7,'Camioneta refrigerada','terrestre',3.57,75,1200,4,400,650,0.1429,1,'2026-05-19 23:46:38','2026-05-19 23:46:38','terrestre','camioneta_refrigerada','perecedera',1,'diesel',7,0.8,25,'Dato académico simulado para comparación logística.','alimentos, medicamentos y productos perecederos'),(8,'Camión rabón seco','terrestre',5,70,7000,3,700,1000,0.2,1,'2026-05-19 23:46:38','2026-05-19 23:46:38','terrestre','camion_rabon','no_perecedera',0,'diesel',5,1,25,'Dato académico simulado para comparación logística.','carga seca regional'),(9,'Camión rabón refrigerado','terrestre',5.56,68,6500,4,900,1200,0.2222,1,'2026-05-19 23:46:38','2026-05-19 23:46:38','terrestre','camion_rabon_refrigerado','perecedera',1,'diesel',4.5,1.1,25,'Dato académico simulado para comparación logística.','productos frescos y congelados'),(10,'Torton seco','terrestre',6.58,65,14000,3,1100,1600,0.2632,1,'2026-05-19 23:46:38','2026-05-19 23:46:38','terrestre','torton','no_perecedera',0,'diesel',3.8,1.3,25,'Dato académico simulado para comparación logística.','carga mediana de larga distancia'),(11,'Torton refrigerado','terrestre',7.35,62,13000,4,1350,1900,0.2941,1,'2026-05-19 23:46:38','2026-05-19 23:46:38','terrestre','torton_refrigerado','perecedera',1,'diesel',3.4,1.4,25,'Dato académico simulado para comparación logística.','alimentos perecederos en volumen medio'),(12,'Tráiler caja seca','terrestre',8.93,62,28000,3,1800,2600,0.3571,1,'2026-05-19 23:46:38','2026-05-19 23:46:38','terrestre','trailer_sencillo','no_perecedera',0,'diesel',2.8,1.6,25,'Dato académico simulado para comparación logística.','carga seca nacional'),(13,'Tráiler refrigerado','terrestre',10,60,26000,4,2200,3100,0.4,1,'2026-05-19 23:46:38','2026-05-19 23:46:38','terrestre','trailer_refrigerado','perecedera',1,'diesel',2.5,1.7,25,'Dato académico simulado para comparación logística.','productos congelados o refrigerados'),(14,'Full tráiler caja seca','terrestre',12.5,55,50000,3,3000,4200,0.5,1,'2026-05-19 23:46:38','2026-05-19 23:46:38','terrestre','full_trailer','no_perecedera',0,'diesel',2,2,25,'Dato académico simulado para comparación logística.','carga masiva no perecedera'),(15,'Full tráiler refrigerado','terrestre',13.89,52,46000,4,3600,5000,0.5556,1,'2026-05-19 23:46:38','2026-05-19 23:46:38','terrestre','full_trailer_refrigerado','perecedera',1,'diesel',1.8,2.1,25,'Dato académico simulado para comparación logística.','carga masiva perecedera'),(16,'Avión ligero de carga','aereo',23.33,350,2000,5,5000,9000,0.8333,1,'2026-05-19 23:46:38','2026-05-19 23:46:38','aereo','avion_ligero_carga','mixta',0,'turbosina',1.2,0,28,'Dato académico simulado para comparación logística.','paquetería urgente de bajo volumen'),(17,'Avión regional de carga','aereo',31.11,450,6000,5,9000,15000,1.1111,1,'2026-05-19 23:46:38','2026-05-19 23:46:38','aereo','avion_regional_carga','mixta',1,'turbosina',0.9,0,28,'Dato académico simulado para comparación logística.','carga regional sensible al tiempo'),(18,'Avión turbohélice carguero','aereo',37.33,500,9000,5,12000,18000,1.3333,1,'2026-05-19 23:46:38','2026-05-19 23:46:38','aereo','turbohelice_carguero','mixta',1,'turbosina',0.75,0,28,'Dato académico simulado para comparación logística.','mercancía regional y perecedera ligera'),(19,'Boeing 737 carguero','aereo',62.22,780,20000,5,24000,35000,2.2222,1,'2026-05-19 23:46:38','2026-05-19 23:46:38','aereo','boeing_737_carguero','mixta',0,'turbosina',0.45,0,28,'Dato académico simulado para comparación logística.','carga aérea nacional'),(20,'Boeing 757 carguero','aereo',80,820,35000,5,30000,46000,2.8571,1,'2026-05-19 23:46:38','2026-05-19 23:46:38','aereo','boeing_757_carguero','mixta',1,'turbosina',0.35,0,28,'Dato académico simulado para comparación logística.','carga aérea de medio alcance'),(21,'Boeing 767 carguero','aereo',100,850,52000,5,38000,60000,3.5714,1,'2026-05-19 23:46:38','2026-05-19 23:46:38','aereo','boeing_767_carguero','mixta',1,'turbosina',0.28,0,28,'Dato académico simulado para comparación logística.','carga aérea internacional'),(22,'Airbus A330 carguero','aereo',116.67,860,65000,5,45000,72000,4.1667,1,'2026-05-19 23:46:38','2026-05-19 23:46:38','aereo','airbus_a330_carguero','mixta',1,'turbosina',0.24,0,28,'Dato académico simulado para comparación logística.','carga aérea internacional de alto volumen'),(23,'Boeing 777 carguero','aereo',155.56,890,100000,5,62000,95000,5.5556,1,'2026-05-19 23:46:38','2026-05-19 23:46:38','aereo','boeing_777_carguero','mixta',1,'turbosina',0.18,0,28,'Dato académico simulado para comparación logística.','carga aérea pesada de largo alcance'),(24,'Boeing 747 carguero','aereo',186.67,900,120000,5,80000,120000,6.6667,1,'2026-05-19 23:46:38','2026-05-19 23:46:38','aereo','boeing_747_carguero','mixta',1,'turbosina',0.15,0,28,'Dato académico simulado para comparación logística.','carga aérea masiva intercontinental'),(25,'Antonov carga sobredimensionada','aereo',280,760,120000,4,120000,180000,10,1,'2026-05-19 23:46:38','2026-05-19 23:46:38','aereo','antonov_carga_sobredimensionada','mixta',0,'turbosina',0.1,0,28,'Dato académico simulado para comparación logística.','carga sobredimensionada y proyectos especiales'),(26,'Lancha de carga costera','maritimo',31.25,35,15000,3,2500,5000,1.25,1,'2026-05-19 23:46:38','2026-05-19 23:46:38','maritimo','lancha_carga_costera','no_perecedera',0,'diesel',0.8,0,25,'Dato académico simulado para comparación logística.','carga costera ligera'),(27,'Barcaza de carga','maritimo',50,25,80000,3,5000,9000,2,1,'2026-05-19 23:46:38','2026-05-19 23:46:38','maritimo','barcaza_carga','no_perecedera',0,'diesel',0.5,0,25,'Dato académico simulado para comparación logística.','traslado fluvial o portuario'),(28,'Buque feeder','maritimo',100,35,5000000,4,30000,70000,5.5556,1,'2026-05-19 23:46:38','2026-05-19 23:46:38','maritimo','buque_feeder','mixta',0,'combustoleo',0.18,0,18,'Dato académico simulado para comparación logística.','alimentación de puertos regionales'),(29,'Buque portacontenedores pequeño','maritimo',150,38,12000000,4,50000,100000,8.3333,1,'2026-05-19 23:46:38','2026-05-19 23:46:38','maritimo','buque_portacontenedores_pequeno','mixta',0,'combustoleo',0.12,0,18,'Dato académico simulado para comparación logística.','contenedores en rutas regionales'),(30,'Buque portacontenedores mediano','maritimo',200,40,30000000,4,90000,160000,11.1111,1,'2026-05-19 23:46:38','2026-05-19 23:46:38','maritimo','buque_portacontenedores_mediano','mixta',0,'combustoleo',0.09,0,18,'Dato académico simulado para comparación logística.','contenedores en rutas internacionales'),(31,'Buque portacontenedores grande','maritimo',300,42,70000000,4,150000,260000,16.6667,1,'2026-05-19 23:46:38','2026-05-19 23:46:38','maritimo','buque_portacontenedores_grande','mixta',0,'combustoleo',0.06,0,18,'Dato académico simulado para comparación logística.','carga contenerizada masiva'),(32,'Buque refrigerado','maritimo',257.14,38,25000000,4,130000,240000,14.2857,1,'2026-05-19 23:46:38','2026-05-19 23:46:38','maritimo','buque_refrigerado','perecedera',1,'combustoleo',0.07,0,18,'Dato académico simulado para comparación logística.','frutas, alimentos congelados y perecederos'),(33,'Buque granelero','maritimo',360,35,90000000,3,140000,230000,20,1,'2026-05-19 23:46:38','2026-05-19 23:46:38','maritimo','buque_granelero','no_perecedera',0,'combustoleo',0.05,0,18,'Dato académico simulado para comparación logística.','granos, minerales y carga a granel'),(34,'Buque Ro-Ro','maritimo',276.92,40,45000000,4,120000,210000,15.3846,1,'2026-05-19 23:46:38','2026-05-19 23:46:38','maritimo','buque_ro_ro','no_perecedera',0,'combustoleo',0.065,0,18,'Dato académico simulado para comparación logística.','vehículos y maquinaria rodante'),(35,'Buque tanque','maritimo',400,32,100000000,3,170000,300000,22.2222,1,'2026-05-19 23:46:38','2026-05-19 23:46:38','maritimo','buque_tanque','no_perecedera',0,'combustoleo',0.045,0,18,'Dato académico simulado para comparación logística.','líquidos, combustibles y químicos');
/*!40000 ALTER TABLE `transportes` ENABLE KEYS */;
UNLOCK TABLES;

--
-- Dumping events for database 'simulador_logistico'
--

--
-- Dumping routines for database 'simulador_logistico'
--
/*!40103 SET TIME_ZONE=@OLD_TIME_ZONE */;

/*!40101 SET SQL_MODE=@OLD_SQL_MODE */;
/*!40014 SET FOREIGN_KEY_CHECKS=@OLD_FOREIGN_KEY_CHECKS */;
/*!40014 SET UNIQUE_CHECKS=@OLD_UNIQUE_CHECKS */;
/*!40101 SET CHARACTER_SET_CLIENT=@OLD_CHARACTER_SET_CLIENT */;
/*!40101 SET CHARACTER_SET_RESULTS=@OLD_CHARACTER_SET_RESULTS */;
/*!40101 SET COLLATION_CONNECTION=@OLD_COLLATION_CONNECTION */;
/*!40111 SET SQL_NOTES=@OLD_SQL_NOTES */;

-- Dump completed on 2026-05-23 12:29:35
